date,bulletin_no,currency_code,currency_unit,forex_buying,forex_selling
2026-04-01,2026/62,AED,1,12.0201,12.1774
2026-04-01,2026/62,AUD,1,30.7490,30.9495
2026-04-01,2026/62,AZN,1,25.9676,26.3074
2026-04-01,2026/62,CAD,1,31.9078,32.0517
2026-04-01,2026/62,CHF,1,55.8338,56.1923
2026-04-01,2026/62,CNY,1,6.4211,6.5051
2026-04-01,2026/62,DKK,1,6.8783,6.9121
2026-04-01,2026/62,EUR,1,51.4787,51.5714
2026-04-01,2026/62,GBP,1,58.9134,59.2205
2026-04-01,2026/62,JPY,100,27.9344,28.1193
2026-04-01,2026/62,KRW,1,0.02934,0.02973
2026-04-01,2026/62,KWD,1,143.9118,145.7949
2026-04-01,2026/62,KZT,1,0.09292,0.09414
2026-04-01,2026/62,NOK,1,4.5804,4.6112
2026-04-01,2026/62,PKR,1,0.15821,0.16028
2026-04-01,2026/62,QAR,1,12.1078,12.2662
2026-04-01,2026/62,RON,1,10.0398,10.1712
2026-04-01,2026/62,RUB,1,0.54636,0.55351
2026-04-01,2026/62,SAR,1,11.8281,11.8495
2026-04-01,2026/62,SEK,1,4.7076,4.7563
2026-04-01,2026/62,USD,1,44.3938,44.4738
2026-04-02,2026/63,AED,1,12.0258,12.1832
2026-04-02,2026/63,AUD,1,30.4568,30.6554
2026-04-02,2026/63,AZN,1,25.9803,26.3203
2026-04-02,2026/63,CAD,1,31.8682,32.0119
2026-04-02,2026/63,CHF,1,55.4204,55.7762
2026-04-02,2026/63,CNY,1,6.4064,6.4902
2026-04-02,2026/63,DKK,1,6.8396,6.8732
2026-04-02,2026/63,EUR,1,51.1885,51.2807
2026-04-02,2026/63,GBP,1,58.5527,58.8579
2026-04-02,2026/63,JPY,100,27.7620,27.9458
2026-04-02,2026/63,KRW,1,0.02915,0.02953
2026-04-02,2026/63,KWD,1,143.9352,145.8186
2026-04-02,2026/63,KZT,1,0.09339,0.09462
2026-04-02,2026/63,NOK,1,4.5452,4.5757
2026-04-02,2026/63,PKR,1,0.15828,0.16035
2026-04-02,2026/63,QAR,1,12.1137,12.2722
2026-04-02,2026/63,RON,1,9.9833,10.1139
2026-04-02,2026/63,RUB,1,0.54938,0.55657
2026-04-02,2026/63,SAR,1,11.8310,11.8523
2026-04-02,2026/63,SEK,1,4.6566,4.7048
2026-04-02,2026/63,USD,1,44.4155,44.4955
2026-04-03,2026/64,AED,1,12.0302,12.1876
2026-04-03,2026/64,AUD,1,30.6212,30.8209
2026-04-03,2026/64,AZN,1,25.9892,26.3293
2026-04-03,2026/64,CAD,1,31.8703,32.0140
2026-04-03,2026/64,CHF,1,55.5400,55.8966
2026-04-03,2026/64,CNY,1,6.4218,6.5058
2026-04-03,2026/64,DKK,1,6.8525,6.8862
2026-04-03,2026/64,EUR,1,51.2867,51.3791
2026-04-03,2026/64,GBP,1,58.7076,59.0137
2026-04-03,2026/64,JPY,100,27.7719,27.9558
2026-04-03,2026/64,KRW,1,0.02928,0.02966
2026-04-03,2026/64,KWD,1,143.9844,145.8684
2026-04-03,2026/64,KZT,1,0.09396,0.09519
2026-04-03,2026/64,NOK,1,4.5488,4.5794
2026-04-03,2026/64,PKR,1,0.15834,0.16041
2026-04-03,2026/64,QAR,1,12.1178,12.2764
2026-04-03,2026/64,RON,1,10.0046,10.1355
2026-04-03,2026/64,RUB,1,0.55226,0.55948
2026-04-03,2026/64,SAR,1,11.8342,11.8556
2026-04-03,2026/64,SEK,1,4.6904,4.7390
2026-04-03,2026/64,USD,1,44.4306,44.5107
2026-04-06,2026/65,AED,1,12.0493,12.2070
2026-04-06,2026/65,AUD,1,30.7537,30.9543
2026-04-06,2026/65,AZN,1,26.0347,26.3754
2026-04-06,2026/65,CAD,1,31.9231,32.0671
2026-04-06,2026/65,CHF,1,55.6514,56.0087
2026-04-06,2026/65,CNY,1,6.4306,6.5147
2026-04-06,2026/65,DKK,1,6.8686,6.9023
2026-04-06,2026/65,EUR,1,51.4048,51.4974
2026-04-06,2026/65,GBP,1,58.8368,59.1435
2026-04-06,2026/65,JPY,100,27.8428,28.0272
2026-04-06,2026/65,KRW,1,0.02945,0.02983
2026-04-06,2026/65,KWD,1,144.1898,146.0765
2026-04-06,2026/65,KZT,1,0.09530,0.09655
2026-04-06,2026/65,NOK,1,4.5592,4.5898
2026-04-06,2026/65,PKR,1,0.15865,0.16072
2026-04-06,2026/65,QAR,1,12.1357,12.2945
2026-04-06,2026/65,RON,1,10.0306,10.1619
2026-04-06,2026/65,RUB,1,0.56053,0.56786
2026-04-06,2026/65,SAR,1,11.8550,11.8764
2026-04-06,2026/65,SEK,1,4.7050,4.7537
2026-04-06,2026/65,USD,1,44.5085,44.5887
2026-04-07,2026/66,AED,1,12.0556,12.2133
2026-04-07,2026/66,AUD,1,30.7891,30.9899
2026-04-07,2026/66,AZN,1,26.0447,26.3855
2026-04-07,2026/66,CAD,1,31.9486,32.0927
2026-04-07,2026/66,CHF,1,55.5936,55.9505
2026-04-07,2026/66,CNY,1,6.4528,6.5372
2026-04-07,2026/66,DKK,1,6.8752,6.9089
2026-04-07,2026/66,EUR,1,51.4563,51.5490
2026-04-07,2026/66,GBP,1,58.9089,59.2160
2026-04-07,2026/66,JPY,100,27.8079,27.9921
2026-04-07,2026/66,KRW,1,0.02952,0.02991
2026-04-07,2026/66,KWD,1,144.2447,146.1322
2026-04-07,2026/66,KZT,1,0.09570,0.09695
2026-04-07,2026/66,NOK,1,4.5845,4.6154
2026-04-07,2026/66,PKR,1,0.15748,0.15954
2026-04-07,2026/66,QAR,1,12.1437,12.3026
2026-04-07,2026/66,RON,1,10.0392,10.1706
2026-04-07,2026/66,RUB,1,0.56098,0.56832
2026-04-07,2026/66,SAR,1,11.8586,11.8800
2026-04-07,2026/66,SEK,1,4.6744,4.7228
2026-04-07,2026/66,USD,1,44.5255,44.6057
2026-04-08,2026/67,AED,1,12.0359,12.1934
2026-04-08,2026/67,AUD,1,31.2699,31.4738
2026-04-08,2026/67,AZN,1,26.0021,26.3423
2026-04-08,2026/67,CAD,1,32.0297,32.1742
2026-04-08,2026/67,CHF,1,56.2542,56.6154
2026-04-08,2026/67,CNY,1,6.4738,6.5585
2026-04-08,2026/67,DKK,1,6.9435,6.9776
2026-04-08,2026/67,EUR,1,51.9678,52.0614
2026-04-08,2026/67,GBP,1,59.6235,59.9344
2026-04-08,2026/67,JPY,100,28.0093,28.1947
2026-04-08,2026/67,KRW,1,0.02991,0.03031
2026-04-08,2026/67,KWD,1,144.2203,146.1074
2026-04-08,2026/67,KZT,1,0.09274,0.09395
2026-04-08,2026/67,NOK,1,4.6355,4.6666
2026-04-08,2026/67,PKR,1,0.15824,0.16031
2026-04-08,2026/67,QAR,1,12.1238,12.2825
2026-04-08,2026/67,RON,1,10.1431,10.2758
2026-04-08,2026/67,RUB,1,0.56339,0.57076
2026-04-08,2026/67,SAR,1,11.8451,11.8664
2026-04-08,2026/67,SEK,1,4.7776,4.8270
2026-04-08,2026/67,USD,1,44.4527,44.5328
2026-04-09,2026/68,AED,1,12.0514,12.2091
2026-04-09,2026/68,AUD,1,31.2349,31.4386
2026-04-09,2026/68,AZN,1,26.0357,26.3764
2026-04-09,2026/68,CAD,1,32.0914,32.2362
2026-04-09,2026/68,CHF,1,56.1336,56.4940
2026-04-09,2026/68,CNY,1,6.4730,6.5577
2026-04-09,2026/68,DKK,1,6.9416,6.9757
2026-04-09,2026/68,EUR,1,51.9538,52.0474
2026-04-09,2026/68,GBP,1,59.5585,59.8690
2026-04-09,2026/68,JPY,100,27.9347,28.1196
2026-04-09,2026/68,KRW,1,0.02989,0.03029
2026-04-09,2026/68,KWD,1,144.4070,146.2966
2026-04-09,2026/68,KZT,1,0.09254,0.09375
2026-04-09,2026/68,NOK,1,4.6557,4.6870
2026-04-09,2026/68,PKR,1,0.15847,0.16055
2026-04-09,2026/68,QAR,1,12.1395,12.2984
2026-04-09,2026/68,RON,1,10.1423,10.2750
2026-04-09,2026/68,RUB,1,0.56731,0.57474
2026-04-09,2026/68,SAR,1,11.8610,11.8824
2026-04-09,2026/68,SEK,1,4.7594,4.8087
2026-04-09,2026/68,USD,1,44.5102,44.5904
2026-04-10,2026/69,AED,1,12.0513,12.2090
2026-04-10,2026/69,AUD,1,31.3715,31.5761
2026-04-10,2026/69,AZN,1,26.0389,26.3796
2026-04-10,2026/69,CAD,1,32.1327,32.2776
2026-04-10,2026/69,CHF,1,56.2329,56.5939
2026-04-10,2026/69,CNY,1,6.4803,6.5651
2026-04-10,2026/69,DKK,1,6.9578,6.9920
2026-04-10,2026/69,EUR,1,52.0744,52.1683
2026-04-10,2026/69,GBP,1,59.6765,59.9877
2026-04-10,2026/69,JPY,100,27.8844,28.0691
2026-04-10,2026/69,KRW,1,0.02982,0.03021
2026-04-10,2026/69,KWD,1,144.4247,146.3145
2026-04-10,2026/69,KZT,1,0.09354,0.09477
2026-04-10,2026/69,NOK,1,4.6731,4.7045
2026-04-10,2026/69,PKR,1,0.15868,0.16076
2026-04-10,2026/69,QAR,1,12.1410,12.2999
2026-04-10,2026/69,RON,1,10.1707,10.3038
2026-04-10,2026/69,RUB,1,0.57450,0.58202
2026-04-10,2026/69,SAR,1,11.8623,11.8836
2026-04-10,2026/69,SEK,1,4.7723,4.8217
2026-04-10,2026/69,USD,1,44.5157,44.5959
2026-04-13,2026/70,AED,1,12.0847,12.2428
2026-04-13,2026/70,AUD,1,31.3836,31.5883
2026-04-13,2026/70,AZN,1,26.1090,26.4506
2026-04-13,2026/70,CAD,1,32.1935,32.3387
2026-04-13,2026/70,CHF,1,56.3355,56.6972
2026-04-13,2026/70,CNY,1,6.4959,6.5809
2026-04-13,2026/70,DKK,1,6.9709,7.0051
2026-04-13,2026/70,EUR,1,52.1729,52.2669
2026-04-13,2026/70,GBP,1,59.8245,60.1364
2026-04-13,2026/70,JPY,100,27.8804,28.0650
2026-04-13,2026/70,KRW,1,0.02983,0.03022
2026-04-13,2026/70,KWD,1,144.7898,146.6844
2026-04-13,2026/70,KZT,1,0.09335,0.09457
2026-04-13,2026/70,NOK,1,4.6900,4.7216
2026-04-13,2026/70,PKR,1,0.15913,0.16121
2026-04-13,2026/70,QAR,1,12.1747,12.3340
2026-04-13,2026/70,RON,1,10.1882,10.3215
2026-04-13,2026/70,RUB,1,0.58203,0.58964
2026-04-13,2026/70,SAR,1,11.8939,11.9153
2026-04-13,2026/70,SEK,1,4.7714,4.8208
2026-04-13,2026/70,USD,1,44.6355,44.7159
2026-04-14,2026/71,AED,1,12.0888,12.2470
2026-04-14,2026/71,AUD,1,31.6648,31.8713
2026-04-14,2026/71,AZN,1,26.1159,26.4577
2026-04-14,2026/71,CAD,1,32.3969,32.5430
2026-04-14,2026/71,CHF,1,57.0359,57.4021
2026-04-14,2026/71,CNY,1,6.5132,6.5984
2026-04-14,2026/71,DKK,1,7.0320,7.0665
2026-04-14,2026/71,EUR,1,52.6281,52.7229
2026-04-14,2026/71,GBP,1,60.3686,60.6833
2026-04-14,2026/71,JPY,100,28.0160,28.2015
2026-04-14,2026/71,KRW,1,0.03012,0.03052
2026-04-14,2026/71,KWD,1,144.9228,146.8192
2026-04-14,2026/71,KZT,1,0.09321,0.09443
2026-04-14,2026/71,NOK,1,4.7251,4.7568
2026-04-14,2026/71,PKR,1,0.15917,0.16126
2026-04-14,2026/71,QAR,1,12.1779,12.3373
2026-04-14,2026/71,RON,1,10.2788,10.4133
2026-04-14,2026/71,RUB,1,0.58493,0.59258
2026-04-14,2026/71,SAR,1,11.8971,11.9186
2026-04-14,2026/71,SEK,1,4.8525,4.9027
2026-04-14,2026/71,USD,1,44.6474,44.7278
2026-04-15,2026/72,AED,1,12.0926,12.2508
2026-04-15,2026/72,AUD,1,31.8228,32.0303
2026-04-15,2026/72,AZN,1,26.1281,26.4699
2026-04-15,2026/72,CAD,1,32.3833,32.5293
2026-04-15,2026/72,CHF,1,57.0137,57.3798
2026-04-15,2026/72,CNY,1,6.5132,6.5984
2026-04-15,2026/72,DKK,1,7.0324,7.0670
2026-04-15,2026/72,EUR,1,52.6350,52.7298
2026-04-15,2026/72,GBP,1,60.4546,60.7697
2026-04-15,2026/72,JPY,100,28.0362,28.2219
2026-04-15,2026/72,KRW,1,0.03010,0.03049
2026-04-15,2026/72,KWD,1,144.9900,146.8872
2026-04-15,2026/72,KZT,1,0.09373,0.09495
2026-04-15,2026/72,NOK,1,4.7195,4.7512
2026-04-15,2026/72,PKR,1,0.15927,0.16136
2026-04-15,2026/72,QAR,1,12.1836,12.3430
2026-04-15,2026/72,RON,1,10.2803,10.4149
2026-04-15,2026/72,RUB,1,0.58908,0.59679
2026-04-15,2026/72,SAR,1,11.9055,11.9269
2026-04-15,2026/72,SEK,1,4.8362,4.8863
2026-04-15,2026/72,USD,1,44.6681,44.7485
2026-04-16,2026/73,AED,1,12.0956,12.2539
2026-04-16,2026/73,AUD,1,31.9861,32.1947
2026-04-16,2026/73,AZN,1,26.1343,26.4763
2026-04-16,2026/73,CAD,1,32.5055,32.6521
2026-04-16,2026/73,CHF,1,56.9515,57.3171
2026-04-16,2026/73,CNY,1,6.5151,6.6003
2026-04-16,2026/73,DKK,1,7.0363,7.0709
2026-04-16,2026/73,EUR,1,52.6651,52.7600
2026-04-16,2026/73,GBP,1,60.4479,60.7630
2026-04-16,2026/73,JPY,100,28.0424,28.2280
2026-04-16,2026/73,KRW,1,0.03011,0.03051
2026-04-16,2026/73,KWD,1,145.0958,146.9944
2026-04-16,2026/73,KZT,1,0.09442,0.09566
2026-04-16,2026/73,NOK,1,4.7454,4.7773
2026-04-16,2026/73,PKR,1,0.15931,0.16140
2026-04-16,2026/73,QAR,1,12.1855,12.3450
2026-04-16,2026/73,RON,1,10.2842,10.4187
2026-04-16,2026/73,RUB,1,0.58336,0.59099
2026-04-16,2026/73,SAR,1,11.9092,11.9307
2026-04-16,2026/73,SEK,1,4.8487,4.8989
2026-04-16,2026/73,USD,1,44.6788,44.7593
2026-04-17,2026/74,AED,1,12.1011,12.2594
2026-04-17,2026/74,AUD,1,31.9808,32.1894
2026-04-17,2026/74,AZN,1,26.1461,26.4882
2026-04-17,2026/74,CAD,1,32.6317,32.7789
2026-04-17,2026/74,CHF,1,56.9675,57.3332
2026-04-17,2026/74,CNY,1,6.5135,6.5987
2026-04-17,2026/74,DKK,1,7.0403,7.0748
2026-04-17,2026/74,EUR,1,52.6945,52.7894
2026-04-17,2026/74,GBP,1,60.3502,60.6648
2026-04-17,2026/74,JPY,100,28.0095,28.1950
2026-04-17,2026/74,KRW,1,0.03000,0.03040
2026-04-17,2026/74,KWD,1,145.1613,147.0608
2026-04-17,2026/74,KZT,1,0.09470,0.09594
2026-04-17,2026/74,NOK,1,4.7673,4.7993
2026-04-17,2026/74,PKR,1,0.15941,0.16150
2026-04-17,2026/74,QAR,1,12.1910,12.3505
2026-04-17,2026/74,RON,1,10.2766,10.4110
2026-04-17,2026/74,RUB,1,0.58279,0.59042
2026-04-17,2026/74,SAR,1,11.9157,11.9372
2026-04-17,2026/74,SEK,1,4.8510,4.9012
2026-04-17,2026/74,USD,1,44.6989,44.7795
2026-04-20,2026/75,AED,1,12.1271,12.2858
2026-04-20,2026/75,AUD,1,31.9752,32.1838
2026-04-20,2026/75,AZN,1,26.2025,26.5453
2026-04-20,2026/75,CAD,1,32.6702,32.8175
2026-04-20,2026/75,CHF,1,57.1754,57.5425
2026-04-20,2026/75,CNY,1,6.5328,6.6183
2026-04-20,2026/75,DKK,1,7.0408,7.0754
2026-04-20,2026/75,EUR,1,52.7012,52.7962
2026-04-20,2026/75,GBP,1,60.4161,60.7311
2026-04-20,2026/75,JPY,100,28.1200,28.3062
2026-04-20,2026/75,KRW,1,0.03025,0.03065
2026-04-20,2026/75,KWD,1,145.4029,147.3055
2026-04-20,2026/75,KZT,1,0.09505,0.09629
2026-04-20,2026/75,NOK,1,4.7824,4.8146
2026-04-20,2026/75,PKR,1,0.15976,0.16185
2026-04-20,2026/75,QAR,1,12.2201,12.3800
2026-04-20,2026/75,RON,1,10.2775,10.4120
2026-04-20,2026/75,RUB,1,0.58972,0.59743
2026-04-20,2026/75,SAR,1,11.9422,11.9637
2026-04-20,2026/75,SEK,1,4.8683,4.9188
2026-04-20,2026/75,USD,1,44.7952,44.8760
2026-04-21,2026/76,AED,1,12.1311,12.2898
2026-04-21,2026/76,AUD,1,31.9985,32.2072
2026-04-21,2026/76,AZN,1,26.2111,26.5541
2026-04-21,2026/76,CAD,1,32.7689,32.9167
2026-04-21,2026/76,CHF,1,57.3442,57.7123
2026-04-21,2026/76,CNY,1,6.5376,6.6232
2026-04-21,2026/76,DKK,1,7.0436,7.0782
2026-04-21,2026/76,EUR,1,52.7209,52.8159
2026-04-21,2026/76,GBP,1,60.4384,60.7535
2026-04-21,2026/76,JPY,100,28.1013,28.2874
2026-04-21,2026/76,KRW,1,0.03032,0.03071
2026-04-21,2026/76,KWD,1,145.4511,147.3543
2026-04-21,2026/76,KZT,1,0.09596,0.09722
2026-04-21,2026/76,NOK,1,4.7923,4.8245
2026-04-21,2026/76,PKR,1,0.15979,0.16188
2026-04-21,2026/76,QAR,1,12.2230,12.3829
2026-04-21,2026/76,RON,1,10.2821,10.4166
2026-04-21,2026/76,RUB,1,0.59503,0.60282
2026-04-21,2026/76,SAR,1,11.9470,11.9685
2026-04-21,2026/76,SEK,1,4.8786,4.9291
2026-04-21,2026/76,USD,1,44.8101,44.8908
2026-04-22,2026/77,AED,1,12.1318,12.2906
2026-04-22,2026/77,AUD,1,32.0249,32.2338
2026-04-22,2026/77,AZN,1,26.2129,26.5559
2026-04-22,2026/77,CAD,1,32.7752,32.9230
2026-04-22,2026/77,CHF,1,57.2740,57.6417
2026-04-22,2026/77,CNY,1,6.5312,6.6166
2026-04-22,2026/77,DKK,1,7.0340,7.0686
2026-04-22,2026/77,EUR,1,52.6499,52.7447
2026-04-22,2026/77,GBP,1,60.4824,60.7978
2026-04-22,2026/77,JPY,100,28.0714,28.2572
2026-04-22,2026/77,KRW,1,0.03016,0.03056
2026-04-22,2026/77,KWD,1,145.4136,147.3163
2026-04-22,2026/77,KZT,1,0.09641,0.09767
2026-04-22,2026/77,NOK,1,4.8132,4.8456
2026-04-22,2026/77,PKR,1,0.15985,0.16194
2026-04-22,2026/77,QAR,1,12.2244,12.3843
2026-04-22,2026/77,RON,1,10.2757,10.4101
2026-04-22,2026/77,RUB,1,0.59322,0.60099
2026-04-22,2026/77,SAR,1,11.9486,11.9701
2026-04-22,2026/77,SEK,1,4.8698,4.9203
2026-04-22,2026/77,USD,1,44.8132,44.8939
2026-04-24,2026/78,AED,1,12.1429,12.3018
2026-04-24,2026/78,AUD,1,31.9203,32.1285
2026-04-24,2026/78,AZN,1,26.2369,26.5802
2026-04-24,2026/78,CAD,1,32.7167,32.8642
2026-04-24,2026/78,CHF,1,56.9060,57.2713
2026-04-24,2026/78,CNY,1,6.5249,6.6103
2026-04-24,2026/78,DKK,1,7.0079,7.0423
2026-04-24,2026/78,EUR,1,52.4524,52.5469
2026-04-24,2026/78,GBP,1,60.3668,60.6815
2026-04-24,2026/78,JPY,100,28.0273,28.2129
2026-04-24,2026/78,KRW,1,0.03009,0.03048
2026-04-24,2026/78,KWD,1,145.4752,147.3788
2026-04-24,2026/78,KZT,1,0.09597,0.09723
2026-04-24,2026/78,NOK,1,4.7868,4.8190
2026-04-24,2026/78,PKR,1,0.15997,0.16207
2026-04-24,2026/78,QAR,1,12.2350,12.3951
2026-04-24,2026/78,RON,1,10.2414,10.3754
2026-04-24,2026/78,RUB,1,0.58900,0.59670
2026-04-24,2026/78,SAR,1,11.9587,11.9802
2026-04-24,2026/78,SEK,1,4.8243,4.8743
2026-04-24,2026/78,USD,1,44.8541,44.9349
2026-04-27,2026/79,AED,1,12.1661,12.3253
2026-04-27,2026/79,AUD,1,32.1957,32.4057
2026-04-27,2026/79,AZN,1,26.2867,26.6306
2026-04-27,2026/79,CAD,1,32.9434,33.0920
2026-04-27,2026/79,CHF,1,57.1569,57.5239
2026-04-27,2026/79,CNY,1,6.5484,6.6341
2026-04-27,2026/79,DKK,1,7.0502,7.0849
2026-04-27,2026/79,EUR,1,52.7680,52.8631
2026-04-27,2026/79,GBP,1,60.7928,61.1098
2026-04-27,2026/79,JPY,100,28.1598,28.3462
2026-04-27,2026/79,KRW,1,0.03038,0.03078
2026-04-27,2026/79,KWD,1,145.8465,147.7549
2026-04-27,2026/79,KZT,1,0.09711,0.09838
2026-04-27,2026/79,NOK,1,4.8350,4.8675
2026-04-27,2026/79,PKR,1,0.16033,0.16243
2026-04-27,2026/79,QAR,1,12.2582,12.4186
2026-04-27,2026/79,RON,1,10.3020,10.4368
2026-04-27,2026/79,RUB,1,0.59588,0.60368
2026-04-27,2026/79,SAR,1,11.9813,12.0029
2026-04-27,2026/79,SEK,1,4.8646,4.9150
2026-04-27,2026/79,USD,1,44.9393,45.0202
2026-04-28,2026/80,AED,1,12.1746,12.3339
2026-04-28,2026/80,AUD,1,32.1631,32.3729
2026-04-28,2026/80,AZN,1,26.3050,26.6492
2026-04-28,2026/80,CAD,1,32.8902,33.0386
2026-04-28,2026/80,CHF,1,56.8134,57.1782
2026-04-28,2026/80,CNY,1,6.5413,6.6269
2026-04-28,2026/80,DKK,1,7.0257,7.0602
2026-04-28,2026/80,EUR,1,52.5814,52.6761
2026-04-28,2026/80,GBP,1,60.5795,60.8954
2026-04-28,2026/80,JPY,100,28.1172,28.3034
2026-04-28,2026/80,KRW,1,0.03032,0.03072
2026-04-28,2026/80,KWD,1,145.9478,147.8576
2026-04-28,2026/80,KZT,1,0.09748,0.09875
2026-04-28,2026/80,NOK,1,4.8219,4.8543
2026-04-28,2026/80,PKR,1,0.16044,0.16254
2026-04-28,2026/80,QAR,1,12.2674,12.4279
2026-04-28,2026/80,RON,1,10.2657,10.4000
2026-04-28,2026/80,RUB,1,0.59590,0.60370
2026-04-28,2026/80,SAR,1,11.9899,12.0115
2026-04-28,2026/80,SEK,1,4.8331,4.8831
2026-04-28,2026/80,USD,1,44.9705,45.0515
2026-04-29,2026/81,AED,1,12.1791,12.3384
2026-04-29,2026/81,AUD,1,32.1238,32.3333
2026-04-29,2026/81,AZN,1,26.3134,26.6578
2026-04-29,2026/81,CAD,1,32.8275,32.9756
2026-04-29,2026/81,CHF,1,56.8509,57.2160
2026-04-29,2026/81,CNY,1,6.5468,6.6325
2026-04-29,2026/81,DKK,1,7.0325,7.0671
2026-04-29,2026/81,EUR,1,52.6433,52.7382
2026-04-29,2026/81,GBP,1,60.6463,60.9624
2026-04-29,2026/81,JPY,100,28.0902,28.2762
2026-04-29,2026/81,KRW,1,0.03025,0.03065
2026-04-29,2026/81,KWD,1,145.9235,147.8330
2026-04-29,2026/81,KZT,1,0.09676,0.09802
2026-04-29,2026/81,NOK,1,4.8201,4.8525
2026-04-29,2026/81,PKR,1,0.16049,0.16259
2026-04-29,2026/81,QAR,1,12.2714,12.4320
2026-04-29,2026/81,RON,1,10.2637,10.3980
2026-04-29,2026/81,RUB,1,0.59563,0.60342
2026-04-29,2026/81,SAR,1,11.9942,12.0158
2026-04-29,2026/81,SEK,1,4.8311,4.8812
2026-04-29,2026/81,USD,1,44.9850,45.0661
2026-04-30,2026/82,AED,1,12.1747,12.3340
2026-04-30,2026/82,AUD,1,32.0269,32.2357
2026-04-30,2026/82,AZN,1,26.3042,26.6484
2026-04-30,2026/82,CAD,1,32.8596,33.0078
2026-04-30,2026/82,CHF,1,56.9204,57.2859
2026-04-30,2026/82,CNY,1,6.5455,6.6312
2026-04-30,2026/82,DKK,1,7.0247,7.0592
2026-04-30,2026/82,EUR,1,52.5723,52.6670
2026-04-30,2026/82,GBP,1,60.6013,60.9173
2026-04-30,2026/82,JPY,100,28.2372,28.4242
2026-04-30,2026/82,KRW,1,0.03023,0.03062
2026-04-30,2026/82,KWD,1,145.7771,147.6846
2026-04-30,2026/82,KZT,1,0.09657,0.09784
2026-04-30,2026/82,NOK,1,4.8061,4.8384
2026-04-30,2026/82,PKR,1,0.16045,0.16255
2026-04-30,2026/82,QAR,1,12.2669,12.4274
2026-04-30,2026/82,RON,1,10.1480,10.2808
2026-04-30,2026/82,RUB,1,0.59595,0.60375
2026-04-30,2026/82,SAR,1,11.9902,12.0118
2026-04-30,2026/82,SEK,1,4.8240,4.8740
2026-04-30,2026/82,USD,1,44.9692,45.0502
2026-05-04,2026/83,AED,1,12.2113,12.3711
2026-05-04,2026/83,AUD,1,32.3573,32.5683
2026-05-04,2026/83,AZN,1,26.3831,26.7283
2026-05-04,2026/83,CAD,1,33.1082,33.2575
2026-05-04,2026/83,CHF,1,57.4734,57.8424
2026-05-04,2026/83,CNY,1,6.5666,6.6525
2026-05-04,2026/83,DKK,1,7.0592,7.0939
2026-05-04,2026/83,EUR,1,52.8334,52.9286
2026-05-04,2026/83,GBP,1,61.0533,61.3716
2026-05-04,2026/83,JPY,100,28.6585,28.8482
2026-05-04,2026/83,KRW,1,0.03049,0.03089
2026-05-04,2026/83,KWD,1,146.4291,148.3451
2026-05-04,2026/83,KZT,1,0.09665,0.09791
2026-05-04,2026/83,NOK,1,4.8549,4.8876
2026-05-04,2026/83,PKR,1,0.16094,0.16305
2026-05-04,2026/83,QAR,1,12.3049,12.4659
2026-05-04,2026/83,RON,1,10.1054,10.2376
2026-05-04,2026/83,RUB,1,0.59424,0.60202
2026-05-04,2026/83,SAR,1,12.0258,12.0475
2026-05-04,2026/83,SEK,1,4.8548,4.9051
2026-05-04,2026/83,USD,1,45.1040,45.1853
2026-05-05,2026/84,AED,1,12.2197,12.3796
2026-05-05,2026/84,AUD,1,32.2380,32.4482
2026-05-05,2026/84,AZN,1,26.4006,26.7460
2026-05-05,2026/84,CAD,1,33.1037,33.2531
2026-05-05,2026/84,CHF,1,57.4680,57.8370
2026-05-05,2026/84,CNY,1,6.5709,6.6569
2026-05-05,2026/84,DKK,1,7.0490,7.0836
2026-05-05,2026/84,EUR,1,52.7563,52.8514
2026-05-05,2026/84,GBP,1,61.0074,61.3254
2026-05-05,2026/84,JPY,100,28.5988,28.7882
2026-05-05,2026/84,KRW,1,0.03045,0.03085
2026-05-05,2026/84,KWD,1,146.4545,148.3708
2026-05-05,2026/84,KZT,1,0.09657,0.09784
2026-05-05,2026/84,NOK,1,4.8619,4.8946
2026-05-05,2026/84,PKR,1,0.16105,0.16316
2026-05-05,2026/84,QAR,1,12.3130,12.4741
2026-05-05,2026/84,RON,1,10.0703,10.2021
2026-05-05,2026/84,RUB,1,0.59437,0.60215
2026-05-05,2026/84,SAR,1,12.0293,12.0510
2026-05-05,2026/84,SEK,1,4.8430,4.8931
2026-05-05,2026/84,USD,1,45.1339,45.2153
2026-05-06,2026/85,AED,1,12.2222,12.3822
2026-05-06,2026/85,AUD,1,32.6777,32.8908
2026-05-06,2026/85,AZN,1,26.4062,26.7518
2026-05-06,2026/85,CAD,1,33.1732,33.3228
2026-05-06,2026/85,CHF,1,57.8161,58.1873
2026-05-06,2026/85,CNY,1,6.5887,6.6749
2026-05-06,2026/85,DKK,1,7.0943,7.1291
2026-05-06,2026/85,EUR,1,53.0961,53.1917
2026-05-06,2026/85,GBP,1,61.3664,61.6863
2026-05-06,2026/85,JPY,100,28.8693,29.0605
2026-05-06,2026/85,KRW,1,0.03101,0.03141
2026-05-06,2026/85,KWD,1,146.5576,148.4753
2026-05-06,2026/85,KZT,1,0.09685,0.09812
2026-05-06,2026/85,NOK,1,4.8628,4.8955
2026-05-06,2026/85,PKR,1,0.16111,0.16322
2026-05-06,2026/85,QAR,1,12.3157,12.4768
2026-05-06,2026/85,RON,1,10.0570,10.1886
2026-05-06,2026/85,RUB,1,0.59608,0.60388
2026-05-06,2026/85,SAR,1,12.0315,12.0532
2026-05-06,2026/85,SEK,1,4.8814,4.9319
2026-05-06,2026/85,USD,1,45.1436,45.2250
2026-05-07,2026/86,AED,1,12.2261,12.3861
2026-05-07,2026/86,AUD,1,32.6961,32.9093
2026-05-07,2026/86,AZN,1,26.4138,26.7594
2026-05-07,2026/86,CAD,1,33.0898,33.2390
2026-05-07,2026/86,CHF,1,57.9213,58.2932
2026-05-07,2026/86,CNY,1,6.6015,6.6879
2026-05-07,2026/86,DKK,1,7.0989,7.1338
2026-05-07,2026/86,EUR,1,53.1305,53.2262
2026-05-07,2026/86,GBP,1,61.3843,61.7044
2026-05-07,2026/86,JPY,100,28.8128,29.0036
2026-05-07,2026/86,KRW,1,0.03096,0.03136
2026-05-07,2026/86,KWD,1,146.6475,148.5664
2026-05-07,2026/86,KZT,1,0.09690,0.09817
2026-05-07,2026/86,NOK,1,4.8724,4.9052
2026-05-07,2026/86,PKR,1,0.16116,0.16327
2026-05-07,2026/86,QAR,1,12.3192,12.4804
2026-05-07,2026/86,RON,1,10.0350,10.1663
2026-05-07,2026/86,RUB,1,0.60102,0.60888
2026-05-07,2026/86,SAR,1,12.0391,12.0608
2026-05-07,2026/86,SEK,1,4.8807,4.9313
2026-05-07,2026/86,USD,1,45.1566,45.2379
2026-05-08,2026/87,AED,1,12.2349,12.3950
2026-05-08,2026/87,AUD,1,32.6057,32.8183
2026-05-08,2026/87,AZN,1,26.4334,26.7792
2026-05-08,2026/87,CAD,1,33.0605,33.2096
2026-05-08,2026/87,CHF,1,57.9152,58.2870
2026-05-08,2026/87,CNY,1,6.6067,6.6931
2026-05-08,2026/87,DKK,1,7.0997,7.1346
2026-05-08,2026/87,EUR,1,53.1363,53.2320
2026-05-08,2026/87,GBP,1,61.3621,61.6820
2026-05-08,2026/87,JPY,100,28.7572,28.9476
2026-05-08,2026/87,KRW,1,0.03062,0.03102
2026-05-08,2026/87,KWD,1,146.7561,148.6764
2026-05-08,2026/87,KZT,1,0.09730,0.09857
2026-05-08,2026/87,NOK,1,4.8819,4.9147
2026-05-08,2026/87,PKR,1,0.16127,0.16338
2026-05-08,2026/87,QAR,1,12.3337,12.4951
2026-05-08,2026/87,RON,1,10.0772,10.2091
2026-05-08,2026/87,RUB,1,0.60209,0.60996
2026-05-08,2026/87,SAR,1,12.0465,12.0682
2026-05-08,2026/87,SEK,1,4.8778,4.9283
2026-05-08,2026/87,USD,1,45.1900,45.2714
2026-05-11,2026/88,AED,1,12.2634,12.4239
2026-05-11,2026/88,AUD,1,32.7199,32.9333
2026-05-11,2026/88,AZN,1,26.4948,26.8415
2026-05-11,2026/88,CAD,1,33.0901,33.2393
2026-05-11,2026/88,CHF,1,58.0548,58.4275
2026-05-11,2026/88,CNY,1,6.6277,6.7144
2026-05-11,2026/88,DKK,1,7.1228,7.1578
2026-05-11,2026/88,EUR,1,53.3097,53.4057
2026-05-11,2026/88,GBP,1,61.4972,61.8179
2026-05-11,2026/88,JPY,100,28.7618,28.9523
2026-05-11,2026/88,KRW,1,0.03059,0.03099
2026-05-11,2026/88,KWD,1,147.0733,148.9978
2026-05-11,2026/88,KZT,1,0.09725,0.09853
2026-05-11,2026/88,NOK,1,4.9117,4.9448
2026-05-11,2026/88,PKR,1,0.16169,0.16380
2026-05-11,2026/88,QAR,1,12.3570,12.5187
2026-05-11,2026/88,RON,1,10.1686,10.3017
2026-05-11,2026/88,RUB,1,0.60791,0.61587
2026-05-11,2026/88,SAR,1,12.0735,12.0953
2026-05-11,2026/88,SEK,1,4.8815,4.9321
2026-05-11,2026/88,USD,1,45.2951,45.3767
2026-05-12,2026/89,AED,1,12.2683,12.4289
2026-05-12,2026/89,AUD,1,32.6416,32.8545
2026-05-12,2026/89,AZN,1,26.5053,26.8521
2026-05-12,2026/89,CAD,1,33.0206,33.1696
2026-05-12,2026/89,CHF,1,57.9054,58.2772
2026-05-12,2026/89,CNY,1,6.6324,6.7192
2026-05-12,2026/89,DKK,1,7.1125,7.1474
2026-05-12,2026/89,EUR,1,53.2242,53.3201
2026-05-12,2026/89,GBP,1,61.2188,61.5380
2026-05-12,2026/89,JPY,100,28.6906,28.8805
2026-05-12,2026/89,KRW,1,0.03025,0.03065
2026-05-12,2026/89,KWD,1,147.1314,149.0566
2026-05-12,2026/89,KZT,1,0.09712,0.09839
2026-05-12,2026/89,NOK,1,4.9281,4.9613
2026-05-12,2026/89,PKR,1,0.16175,0.16386
2026-05-12,2026/89,QAR,1,12.3610,12.5228
2026-05-12,2026/89,RON,1,10.1602,10.2932
2026-05-12,2026/89,RUB,1,0.60958,0.61755
2026-05-12,2026/89,SAR,1,12.0767,12.0985
2026-05-12,2026/89,SEK,1,4.8686,4.9190
2026-05-12,2026/89,USD,1,45.3130,45.3946
2026-05-13,2026/90,AED,1,12.2735,12.4341
2026-05-13,2026/90,AUD,1,32.7531,32.9667
2026-05-13,2026/90,AZN,1,26.5156,26.8626
2026-05-13,2026/90,CAD,1,33.0462,33.1952
2026-05-13,2026/90,CHF,1,57.8588,58.2303
2026-05-13,2026/90,CNY,1,6.6378,6.7246
2026-05-13,2026/90,DKK,1,7.0935,7.1283
2026-05-13,2026/90,EUR,1,53.0837,53.1794
2026-05-13,2026/90,GBP,1,61.1688,61.4877
2026-05-13,2026/90,JPY,100,28.6566,28.8464
2026-05-13,2026/90,KRW,1,0.03027,0.03066
2026-05-13,2026/90,KWD,1,147.1408,149.0662
2026-05-13,2026/90,KZT,1,0.09619,0.09745
2026-05-13,2026/90,NOK,1,4.9250,4.9581
2026-05-13,2026/90,PKR,1,0.16182,0.16394
2026-05-13,2026/90,QAR,1,12.3667,12.5286
2026-05-13,2026/90,RON,1,10.1401,10.2727
2026-05-13,2026/90,RUB,1,0.61272,0.62073
2026-05-13,2026/90,SAR,1,12.0809,12.1027
2026-05-13,2026/90,SEK,1,4.8467,4.8969
2026-05-13,2026/90,USD,1,45.3307,45.4123
2026-05-14,2026/91,AED,1,12.2779,12.4386
2026-05-14,2026/91,AUD,1,32.7877,33.0015
2026-05-14,2026/91,AZN,1,26.5259,26.8730
2026-05-14,2026/91,CAD,1,33.0272,33.1762
2026-05-14,2026/91,CHF,1,57.8671,58.2386
2026-05-14,2026/91,CNY,1,6.6454,6.7323
2026-05-14,2026/91,DKK,1,7.0946,7.1295
2026-05-14,2026/91,EUR,1,53.0971,53.1928
2026-05-14,2026/91,GBP,1,61.1737,61.4926
2026-05-14,2026/91,JPY,100,28.6474,28.8371
2026-05-14,2026/91,KRW,1,0.03024,0.03063
2026-05-14,2026/91,KWD,1,147.1978,149.1239
2026-05-14,2026/91,KZT,1,0.09514,0.09638
2026-05-14,2026/91,NOK,1,4.9185,4.9516
2026-05-14,2026/91,PKR,1,0.16190,0.16402
2026-05-14,2026/91,QAR,1,12.3706,12.5325
2026-05-14,2026/91,RON,1,10.1406,10.2733
2026-05-14,2026/91,RUB,1,0.61358,0.62161
2026-05-14,2026/91,SAR,1,12.0864,12.1082
2026-05-14,2026/91,SEK,1,4.8437,4.8938
2026-05-14,2026/91,USD,1,45.3482,45.4299
2026-05-15,2026/92,AED,1,12.2887,12.4495
2026-05-15,2026/92,AUD,1,32.4181,32.6295
2026-05-15,2026/92,AZN,1,26.5490,26.8964
2026-05-15,2026/92,CAD,1,32.9664,33.1151
2026-05-15,2026/92,CHF,1,57.6434,58.0135
2026-05-15,2026/92,CNY,1,6.6300,6.7167
2026-05-15,2026/92,DKK,1,7.0562,7.0909
2026-05-15,2026/92,EUR,1,52.8112,52.9064
2026-05-15,2026/92,GBP,1,60.5284,60.8439
2026-05-15,2026/92,JPY,100,28.5694,28.7586
2026-05-15,2026/92,KRW,1,0.03010,0.03050
2026-05-15,2026/92,KWD,1,147.3259,149.2537
2026-05-15,2026/92,KZT,1,0.09605,0.09731
2026-05-15,2026/92,NOK,1,4.8621,4.8948
2026-05-15,2026/92,PKR,1,0.16204,0.16416
2026-05-15,2026/92,QAR,1,12.3820,12.5440
2026-05-15,2026/92,RON,1,10.0796,10.2114
2026-05-15,2026/92,RUB,1,0.61558,0.62363
2026-05-15,2026/92,SAR,1,12.0954,12.1172
2026-05-15,2026/92,SEK,1,4.7934,4.8430
2026-05-15,2026/92,USD,1,45.3877,45.4695
2026-05-18,2026/93,AED,1,12.3050,12.4660
2026-05-18,2026/93,AUD,1,32.4376,32.6491
2026-05-18,2026/93,AZN,1,26.5841,26.9320
2026-05-18,2026/93,CAD,1,33.0232,33.1722
2026-05-18,2026/93,CHF,1,57.7258,58.0964
2026-05-18,2026/93,CNY,1,6.6452,6.7322
2026-05-18,2026/93,DKK,1,7.0645,7.0992
2026-05-18,2026/93,EUR,1,52.8818,52.9771
2026-05-18,2026/93,GBP,1,60.6247,60.9407
2026-05-18,2026/93,JPY,100,28.5346,28.7235
2026-05-18,2026/93,KRW,1,0.03016,0.03056
2026-05-18,2026/93,KWD,1,147.3044,149.2319
2026-05-18,2026/93,KZT,1,0.09654,0.09780
2026-05-18,2026/93,NOK,1,4.8764,4.9092
2026-05-18,2026/93,PKR,1,0.16226,0.16438
2026-05-18,2026/93,QAR,1,12.3986,12.5609
2026-05-18,2026/93,RON,1,10.0950,10.2271
2026-05-18,2026/93,RUB,1,0.62191,0.63005
2026-05-18,2026/93,SAR,1,12.1097,12.1315
2026-05-18,2026/93,SEK,1,4.8005,4.8502
2026-05-18,2026/93,USD,1,45.4477,45.5296
2026-05-20,2026/94,AED,1,12.3216,12.4829
2026-05-20,2026/94,AUD,1,32.3031,32.5137
2026-05-20,2026/94,AZN,1,26.6199,26.9683
2026-05-20,2026/94,CAD,1,33.0087,33.1576
2026-05-20,2026/94,CHF,1,57.4567,57.8256
2026-05-20,2026/94,CNY,1,6.6506,6.7376
2026-05-20,2026/94,DKK,1,7.0502,7.0848
2026-05-20,2026/94,EUR,1,52.7680,52.8631
2026-05-20,2026/94,GBP,1,60.8275,61.1446
2026-05-20,2026/94,JPY,100,28.5471,28.7361
2026-05-20,2026/94,KRW,1,0.03005,0.03044
2026-05-20,2026/94,KWD,1,147.5029,149.4329
2026-05-20,2026/94,KZT,1,0.09589,0.09714
2026-05-20,2026/94,NOK,1,4.8877,4.9206
2026-05-20,2026/94,PKR,1,0.16196,0.16408
2026-05-20,2026/94,QAR,1,12.4145,12.5769
2026-05-20,2026/94,RON,1,10.0312,10.1624
2026-05-20,2026/94,RUB,1,0.63542,0.64374
2026-05-20,2026/94,SAR,1,12.1276,12.1495
2026-05-20,2026/94,SEK,1,4.8201,4.8700
2026-05-20,2026/94,USD,1,45.5090,45.5909
2026-05-21,2026/95,AED,1,12.3266,12.4879
2026-05-21,2026/95,AUD,1,32.3629,32.5740
2026-05-21,2026/95,AZN,1,26.6309,26.9793
2026-05-21,2026/95,CAD,1,33.0227,33.1716
2026-05-21,2026/95,CHF,1,57.6871,58.0575
2026-05-21,2026/95,CNY,1,6.6563,6.7434
2026-05-21,2026/95,DKK,1,7.0648,7.0995
2026-05-21,2026/95,EUR,1,52.8774,52.9726
2026-05-21,2026/95,GBP,1,61.0461,61.3643
2026-05-21,2026/95,JPY,100,28.5549,28.7440
2026-05-21,2026/95,KRW,1,0.03006,0.03046
2026-05-21,2026/95,KWD,1,147.5635,149.4944
2026-05-21,2026/95,KZT,1,0.09608,0.09733
2026-05-21,2026/95,NOK,1,4.9062,4.9392
2026-05-21,2026/95,PKR,1,0.16257,0.16470
2026-05-21,2026/95,QAR,1,12.4196,12.5821
2026-05-21,2026/95,RON,1,10.0260,10.1572
2026-05-21,2026/95,RUB,1,0.63718,0.64551
2026-05-21,2026/95,SAR,1,12.1325,12.1544
2026-05-21,2026/95,SEK,1,4.8447,4.8949
2026-05-21,2026/95,USD,1,45.5277,45.6097
2026-05-22,2026/96,AED,1,12.3330,12.4944
2026-05-22,2026/96,AUD,1,32.4034,32.6147
2026-05-22,2026/96,AZN,1,26.6458,26.9945
2026-05-22,2026/96,CAD,1,32.9827,33.1314
2026-05-22,2026/96,CHF,1,57.7947,58.1658
2026-05-22,2026/96,CNY,1,6.6662,6.7534
2026-05-22,2026/96,DKK,1,7.0626,7.0973
2026-05-22,2026/96,EUR,1,52.8599,52.9552
2026-05-22,2026/96,GBP,1,61.0503,61.3686
2026-05-22,2026/96,JPY,100,28.5600,28.7491
2026-05-22,2026/96,KRW,1,0.02986,0.03025
2026-05-22,2026/96,KWD,1,147.6462,149.5782
2026-05-22,2026/96,KZT,1,0.09597,0.09723
2026-05-22,2026/96,NOK,1,4.9145,4.9475
2026-05-22,2026/96,PKR,1,0.16269,0.16482
2026-05-22,2026/96,QAR,1,12.4320,12.5947
2026-05-22,2026/96,RON,1,10.0151,10.1462
2026-05-22,2026/96,RUB,1,0.63433,0.64264
2026-05-22,2026/96,SAR,1,12.1386,12.1604
2026-05-22,2026/96,SEK,1,4.8471,4.8973
2026-05-22,2026/96,USD,1,45.5532,45.6353
2026-05-25,2026/97,AED,1,12.3545,12.5161
2026-05-25,2026/97,AUD,1,32.6224,32.8352
2026-05-25,2026/97,AZN,1,26.6914,27.0407
2026-05-25,2026/97,CAD,1,32.9901,33.1389
2026-05-25,2026/97,CHF,1,58.2456,58.6195
2026-05-25,2026/97,CNY,1,6.6890,6.7766
2026-05-25,2026/97,DKK,1,7.0982,7.1330
2026-05-25,2026/97,EUR,1,53.1224,53.2181
2026-05-25,2026/97,GBP,1,61.4571,61.7775
2026-05-25,2026/97,JPY,100,28.6420,28.8316
2026-05-25,2026/97,KRW,1,0.02998,0.03037
2026-05-25,2026/97,KWD,1,147.9474,149.8833
2026-05-25,2026/97,KZT,1,0.09588,0.09714
2026-05-25,2026/97,NOK,1,4.9253,4.9584
2026-05-25,2026/97,PKR,1,0.16297,0.16510
2026-05-25,2026/97,QAR,1,12.4478,12.6107
2026-05-25,2026/97,RON,1,10.0721,10.2039
2026-05-25,2026/97,RUB,1,0.63181,0.64008
2026-05-25,2026/97,SAR,1,12.1606,12.1825
2026-05-25,2026/97,SEK,1,4.8945,4.9452
2026-05-25,2026/97,USD,1,45.6312,45.7134
2026-06-01,2026/98,AED,1,12.4067,12.5691
2026-06-01,2026/98,AUD,1,32.8210,33.0350
2026-06-01,2026/98,AZN,1,26.8047,27.1554
2026-06-01,2026/98,CAD,1,33.1185,33.2678
2026-06-01,2026/98,CHF,1,58.3619,58.7366
2026-06-01,2026/98,CNY,1,6.7355,6.8236
2026-06-01,2026/98,DKK,1,7.1346,7.1696
2026-06-01,2026/98,EUR,1,53.4042,53.5004
2026-06-01,2026/98,GBP,1,61.5996,61.9207
2026-06-01,2026/98,JPY,100,28.6684,28.8583
2026-06-01,2026/98,KRW,1,0.03022,0.03062
2026-06-01,2026/98,KWD,1,148.5748,150.5190
2026-06-01,2026/98,KZT,1,0.09304,0.09426
2026-06-01,2026/98,NOK,1,4.9445,4.9778
2026-06-01,2026/98,PKR,1,0.16369,0.16583
2026-06-01,2026/98,QAR,1,12.5006,12.6642
2026-06-01,2026/98,RON,1,10.1102,10.2425
2026-06-01,2026/98,RUB,1,0.63523,0.64354
2026-06-01,2026/98,SAR,1,12.2109,12.2329
2026-06-01,2026/98,SEK,1,4.9297,4.9807
2026-06-01,2026/98,USD,1,45.8248,45.9073
2026-06-02,2026/99,AED,1,12.4111,12.5735
2026-06-02,2026/99,AUD,1,32.8408,33.0550
2026-06-02,2026/99,AZN,1,26.8137,27.1645
2026-06-02,2026/99,CAD,1,33.0652,33.2144
2026-06-02,2026/99,CHF,1,58.2348,58.6087
2026-06-02,2026/99,CNY,1,6.7405,6.8287
2026-06-02,2026/99,DKK,1,7.1322,7.1673
2026-06-02,2026/99,EUR,1,53.3878,53.4840
2026-06-02,2026/99,GBP,1,61.6463,61.9677
2026-06-02,2026/99,JPY,100,28.6302,28.8198
2026-06-02,2026/99,KRW,1,0.03003,0.03042
2026-06-02,2026/99,KWD,1,148.5765,150.5206
2026-06-02,2026/99,KZT,1,0.09277,0.09398
2026-06-02,2026/99,NOK,1,4.9317,4.9649
2026-06-02,2026/99,PKR,1,0.16321,0.16534
2026-06-02,2026/99,QAR,1,12.5048,12.6685
2026-06-02,2026/99,RON,1,10.1036,10.2359
2026-06-02,2026/99,RUB,1,0.62742,0.63563
2026-06-02,2026/99,SAR,1,12.2145,12.2365
2026-06-02,2026/99,SEK,1,4.9144,4.9653
2026-06-02,2026/99,USD,1,45.8402,45.9228
2026-06-03,2026/100,AED,1,12.4191,12.5816
2026-06-03,2026/100,AUD,1,32.7845,32.9983
2026-06-03,2026/100,AZN,1,26.8309,27.1820
2026-06-03,2026/100,CAD,1,33.0634,33.2125
2026-06-03,2026/100,CHF,1,57.9915,58.3639
2026-06-03,2026/100,CNY,1,6.7367,6.8248
2026-06-03,2026/100,DKK,1,7.1182,7.1531
2026-06-03,2026/100,EUR,1,53.2768,53.3728
2026-06-03,2026/100,GBP,1,61.5885,61.9096
2026-06-03,2026/100,JPY,100,28.6336,28.8232
2026-06-03,2026/100,KRW,1,0.02988,0.03027
2026-06-03,2026/100,KWD,1,148.6718,150.6172
2026-06-03,2026/100,KZT,1,0.09318,0.09440
2026-06-03,2026/100,NOK,1,4.9284,4.9616
2026-06-03,2026/100,PKR,1,0.16385,0.16600
2026-06-03,2026/100,QAR,1,12.5129,12.6766
2026-06-03,2026/100,RON,1,10.0749,10.2067
2026-06-03,2026/100,RUB,1,0.61972,0.62783
2026-06-03,2026/100,SAR,1,12.2192,12.2412
2026-06-03,2026/100,SEK,1,4.8794,4.9299
2026-06-03,2026/100,USD,1,45.8696,45.9522
2026-06-04,2026/101,AED,1,12.4232,12.5858
2026-06-04,2026/101,AUD,1,32.6663,32.8793
2026-06-04,2026/101,AZN,1,26.8412,27.1925
2026-06-04,2026/101,CAD,1,32.9505,33.0991
2026-06-04,2026/101,CHF,1,57.9435,58.3156
2026-06-04,2026/101,CNY,1,6.7353,6.8235
2026-06-04,2026/101,DKK,1,7.1239,7.1589
2026-06-04,2026/101,EUR,1,53.3268,53.4229
2026-06-04,2026/101,GBP,1,61.5527,61.8736
2026-06-04,2026/101,JPY,100,28.6351,28.8247
2026-06-04,2026/101,KRW,1,0.02972,0.03011
2026-06-04,2026/101,KWD,1,148.6565,150.6016
2026-06-04,2026/101,KZT,1,0.09396,0.09519
2026-06-04,2026/101,NOK,1,4.9176,4.9506
2026-06-04,2026/101,PKR,1,0.16391,0.16605
2026-06-04,2026/101,QAR,1,12.5168,12.6806
2026-06-04,2026/101,RON,1,10.0845,10.2165
2026-06-04,2026/101,RUB,1,0.61387,0.62190
2026-06-04,2026/101,SAR,1,12.2225,12.2445
2026-06-04,2026/101,SEK,1,4.8796,4.9301
2026-06-04,2026/101,USD,1,45.8873,45.9700
2026-06-05,2026/102,AED,1,12.4294,12.5921
2026-06-05,2026/102,AUD,1,32.6771,32.8902
2026-06-05,2026/102,AZN,1,26.8536,27.2050
2026-06-05,2026/102,CAD,1,33.0192,33.1681
2026-06-05,2026/102,CHF,1,58.1289,58.5022
2026-06-05,2026/102,CNY,1,6.7437,6.8320
2026-06-05,2026/102,DKK,1,7.1355,7.1705
2026-06-05,2026/102,EUR,1,53.4156,53.5118
2026-06-05,2026/102,GBP,1,61.6753,61.9969
2026-06-05,2026/102,JPY,100,28.6371,28.8267
2026-06-05,2026/102,KRW,1,0.02965,0.03004
2026-06-05,2026/102,KWD,1,148.7248,150.6708
2026-06-05,2026/102,KZT,1,0.09374,0.09496
2026-06-05,2026/102,NOK,1,4.9125,4.9456
2026-06-05,2026/102,PKR,1,0.16402,0.16617
2026-06-05,2026/102,QAR,1,12.5319,12.6958
2026-06-05,2026/102,RON,1,10.1121,10.2444
2026-06-05,2026/102,RUB,1,0.61947,0.62758
2026-06-05,2026/102,SAR,1,12.2279,12.2499
2026-06-05,2026/102,SEK,1,4.8922,4.9429
2026-06-05,2026/102,USD,1,45.9084,45.9911
2026-06-08,2026/103,AED,1,12.4576,12.6207
2026-06-08,2026/103,AUD,1,32.3792,32.5903
2026-06-08,2026/103,AZN,1,26.9156,27.2678
2026-06-08,2026/103,CAD,1,32.9499,33.0985
2026-06-08,2026/103,CHF,1,57.5607,57.9303
2026-06-08,2026/103,CNY,1,6.7446,6.8328
2026-06-08,2026/103,DKK,1,7.0808,7.1155
2026-06-08,2026/103,EUR,1,53.0044,53.0999
2026-06-08,2026/103,GBP,1,61.2478,61.5671
2026-06-08,2026/103,JPY,100,28.6744,28.8643
2026-06-08,2026/103,KRW,1,0.02986,0.03025
2026-06-08,2026/103,KWD,1,148.9228,150.8714
2026-06-08,2026/103,KZT,1,0.09416,0.09539
2026-06-08,2026/103,NOK,1,4.8519,4.8845
2026-06-08,2026/103,PKR,1,0.16440,0.16655
2026-06-08,2026/103,QAR,1,12.5508,12.7150
2026-06-08,2026/103,RON,1,10.0494,10.1809
2026-06-08,2026/103,RUB,1,0.62288,0.63103
2026-06-08,2026/103,SAR,1,12.2524,12.2745
2026-06-08,2026/103,SEK,1,4.8445,4.8947
2026-06-08,2026/103,USD,1,46.0144,46.0973
2026-06-09,2026/104,AED,1,12.4633,12.6263
2026-06-09,2026/104,AUD,1,32.3994,32.6107
2026-06-09,2026/104,AZN,1,26.9264,27.2787
2026-06-09,2026/104,CAD,1,32.9909,33.1397
2026-06-09,2026/104,CHF,1,57.6705,58.0408
2026-06-09,2026/104,CNY,1,6.7603,6.8488
2026-06-09,2026/104,DKK,1,7.1058,7.1407
2026-06-09,2026/104,EUR,1,53.1940,53.2899
2026-06-09,2026/104,GBP,1,61.5002,61.8208
2026-06-09,2026/104,JPY,100,28.6698,28.8596
2026-06-09,2026/104,KRW,1,0.03009,0.03049
2026-06-09,2026/104,KWD,1,148.9824,150.9318
2026-06-09,2026/104,KZT,1,0.09361,0.09484
2026-06-09,2026/104,NOK,1,4.8516,4.8842
2026-06-09,2026/104,PKR,1,0.16449,0.16665
2026-06-09,2026/104,QAR,1,12.5558,12.7201
2026-06-09,2026/104,RON,1,10.0978,10.2300
2026-06-09,2026/104,RUB,1,0.63567,0.64399
2026-06-09,2026/104,SAR,1,12.2614,12.2835
2026-06-09,2026/104,SEK,1,4.8658,4.9162
2026-06-09,2026/104,USD,1,46.0328,46.1158
2026-06-10,2026/105,AED,1,12.4675,12.6306
2026-06-10,2026/105,AUD,1,32.2098,32.4199
2026-06-10,2026/105,AZN,1,26.9359,27.2883
2026-06-10,2026/105,CAD,1,33.0039,33.1528
2026-06-10,2026/105,CHF,1,57.5223,57.8916
2026-06-10,2026/105,CNY,1,6.7559,6.8443
2026-06-10,2026/105,DKK,1,7.1051,7.1400
2026-06-10,2026/105,EUR,1,53.1886,53.2844
2026-06-10,2026/105,GBP,1,61.5444,61.8653
2026-06-10,2026/105,JPY,100,28.6334,28.8230
2026-06-10,2026/105,KRW,1,0.03004,0.03043
2026-06-10,2026/105,KWD,1,149.0348,150.9850
2026-06-10,2026/105,KZT,1,0.09376,0.09499
2026-06-10,2026/105,NOK,1,4.8402,4.8728
2026-06-10,2026/105,PKR,1,0.16455,0.16671
2026-06-10,2026/105,QAR,1,12.5603,12.7246
2026-06-10,2026/105,RON,1,10.0983,10.2304
2026-06-10,2026/105,RUB,1,0.63590,0.64422
2026-06-10,2026/105,SAR,1,12.2662,12.2883
2026-06-10,2026/105,SEK,1,4.8342,4.8842
2026-06-10,2026/105,USD,1,46.0491,46.1320
2026-06-11,2026/106,AED,1,12.4725,12.6357
2026-06-11,2026/106,AUD,1,32.1595,32.3692
2026-06-11,2026/106,AZN,1,26.9463,27.2989
2026-06-11,2026/106,CAD,1,32.9275,33.0760
2026-06-11,2026/106,CHF,1,57.4936,57.8627
2026-06-11,2026/106,CNY,1,6.7588,6.8473
2026-06-11,2026/106,DKK,1,7.0997,7.1346
2026-06-11,2026/106,EUR,1,53.1485,53.2443
2026-06-11,2026/106,GBP,1,61.4820,61.8026
2026-06-11,2026/106,JPY,100,28.6274,28.8169
2026-06-11,2026/106,KRW,1,0.02992,0.03031
2026-06-11,2026/106,KWD,1,149.0926,151.0435
2026-06-11,2026/106,KZT,1,0.09391,0.09514
2026-06-11,2026/106,NOK,1,4.8324,4.8649
2026-06-11,2026/106,PKR,1,0.16462,0.16677
2026-06-11,2026/106,QAR,1,12.5651,12.7295
2026-06-11,2026/106,RON,1,10.0871,10.2191
2026-06-11,2026/106,RUB,1,0.63460,0.64291
2026-06-11,2026/106,SAR,1,12.2724,12.2945
2026-06-11,2026/106,SEK,1,4.8141,4.8640
2026-06-11,2026/106,USD,1,46.0669,46.1499
2026-06-12,2026/107,AED,1,12.4776,12.6409
2026-06-12,2026/107,AUD,1,32.3635,32.5745
2026-06-12,2026/107,AZN,1,26.9573,27.3101
2026-06-12,2026/107,CAD,1,32.9109,33.0594
2026-06-12,2026/107,CHF,1,57.7622,58.1330
2026-06-12,2026/107,CNY,1,6.7771,6.8658
2026-06-12,2026/107,DKK,1,7.1256,7.1606
2026-06-12,2026/107,EUR,1,53.3419,53.4381
2026-06-12,2026/107,GBP,1,61.6939,62.0156
2026-06-12,2026/107,JPY,100,28.7039,28.8940
2026-06-12,2026/107,KRW,1,0.03015,0.03055
2026-06-12,2026/107,KWD,1,149.1536,151.1053
2026-06-12,2026/107,KZT,1,0.09367,0.09490
2026-06-12,2026/107,NOK,1,4.8229,4.8553
2026-06-12,2026/107,PKR,1,0.16471,0.16687
2026-06-12,2026/107,QAR,1,12.5703,12.7348
2026-06-12,2026/107,RON,1,10.1292,10.2617
2026-06-12,2026/107,RUB,1,0.63143,0.63970
2026-06-12,2026/107,SAR,1,12.2774,12.2995
2026-06-12,2026/107,SEK,1,4.8609,4.9113
2026-06-12,2026/107,USD,1,46.0857,46.1688
2026-06-15,2026/108,AED,1,12.5067,12.6704
2026-06-15,2026/108,AUD,1,32.5918,32.8043
2026-06-15,2026/108,AZN,1,27.0202,27.3737
2026-06-15,2026/108,CAD,1,33.0093,33.1582
2026-06-15,2026/108,CHF,1,58.0933,58.4663
2026-06-15,2026/108,CNY,1,6.7975,6.8865
2026-06-15,2026/108,DKK,1,7.1624,7.1976
2026-06-15,2026/108,EUR,1,53.6157,53.7123
2026-06-15,2026/108,GBP,1,61.9270,62.2498
2026-06-15,2026/108,JPY,100,28.7770,28.9675
2026-06-15,2026/108,KRW,1,0.03034,0.03074
2026-06-15,2026/108,KWD,1,149.6476,151.6057
2026-06-15,2026/108,KZT,1,0.09355,0.09477
2026-06-15,2026/108,NOK,1,4.8439,4.8765
2026-06-15,2026/108,PKR,1,0.16510,0.16726
2026-06-15,2026/108,QAR,1,12.5996,12.7645
2026-06-15,2026/108,RON,1,10.1803,10.3135
2026-06-15,2026/108,RUB,1,0.63233,0.64060
2026-06-15,2026/108,SAR,1,12.3097,12.3319
2026-06-15,2026/108,SEK,1,4.9043,4.9550
2026-06-15,2026/108,USD,1,46.1932,46.2765
2026-06-16,2026/109,AED,1,12.5117,12.6754
2026-06-16,2026/109,AUD,1,32.5796,32.7921
2026-06-16,2026/109,AZN,1,27.0315,27.3852
2026-06-16,2026/109,CAD,1,32.9547,33.1033
2026-06-16,2026/109,CHF,1,58.0121,58.3846
2026-06-16,2026/109,CNY,1,6.8007,6.8897
2026-06-16,2026/109,DKK,1,7.1609,7.1960
2026-06-16,2026/109,EUR,1,53.6077,53.7042
2026-06-16,2026/109,GBP,1,61.9020,62.2248
2026-06-16,2026/109,JPY,100,28.7604,28.9508
2026-06-16,2026/109,KRW,1,0.03048,0.03088
2026-06-16,2026/109,KWD,1,149.7100,151.6689
2026-06-16,2026/109,KZT,1,0.09418,0.09541
2026-06-16,2026/109,NOK,1,4.8359,4.8684
2026-06-16,2026/109,PKR,1,0.16517,0.16733
2026-06-16,2026/109,QAR,1,12.6104,12.7754
2026-06-16,2026/109,RON,1,10.1876,10.3209
2026-06-16,2026/109,RUB,1,0.63514,0.64345
2026-06-16,2026/109,SAR,1,12.3148,12.3370
2026-06-16,2026/109,SEK,1,4.8982,4.9489
2026-06-16,2026/109,USD,1,46.2125,46.2958
2026-06-17,2026/110,AED,1,12.5168,12.6806
2026-06-17,2026/110,AUD,1,32.5656,32.7780
2026-06-17,2026/110,AZN,1,27.0421,27.3960
2026-06-17,2026/110,CAD,1,32.9667,33.1154
2026-06-17,2026/110,CHF,1,58.2439,58.6179
2026-06-17,2026/110,CNY,1,6.8028,6.8919
2026-06-17,2026/110,DKK,1,7.1644,7.1995
2026-06-17,2026/110,EUR,1,53.6365,53.7332
2026-06-17,2026/110,GBP,1,61.9111,62.2339
2026-06-17,2026/110,JPY,100,28.7834,28.9740
2026-06-17,2026/110,KRW,1,0.03035,0.03075
2026-06-17,2026/110,KWD,1,149.7691,151.7288
2026-06-17,2026/110,KZT,1,0.09407,0.09530
2026-06-17,2026/110,NOK,1,4.8623,4.8950
2026-06-17,2026/110,PKR,1,0.16526,0.16742
2026-06-17,2026/110,QAR,1,12.6098,12.7748
2026-06-17,2026/110,RON,1,10.1922,10.3256
2026-06-17,2026/110,RUB,1,0.63038,0.63863
2026-06-17,2026/110,SAR,1,12.3190,12.3412
2026-06-17,2026/110,SEK,1,4.9094,4.9602
2026-06-17,2026/110,USD,1,46.2307,46.3140
2026-06-18,2026/111,AED,1,12.5207,12.6845
2026-06-18,2026/111,AUD,1,32.3791,32.5903
2026-06-18,2026/111,AZN,1,27.0511,27.4050
2026-06-18,2026/111,CAD,1,32.7123,32.8599
2026-06-18,2026/111,CHF,1,57.5264,57.8958
2026-06-18,2026/111,CNY,1,6.7963,6.8852
2026-06-18,2026/111,DKK,1,7.0947,7.1296
2026-06-18,2026/111,EUR,1,53.1143,53.2100
2026-06-18,2026/111,GBP,1,61.1998,61.5189
2026-06-18,2026/111,JPY,100,28.6952,28.8852
2026-06-18,2026/111,KRW,1,0.02996,0.03035
2026-06-18,2026/111,KWD,1,149.6480,151.6061
2026-06-18,2026/111,KZT,1,0.09426,0.09549
2026-06-18,2026/111,NOK,1,4.7830,4.8152
2026-06-18,2026/111,PKR,1,0.16532,0.16748
2026-06-18,2026/111,QAR,1,12.6155,12.7806
2026-06-18,2026/111,RON,1,10.0888,10.2208
2026-06-18,2026/111,RUB,1,0.62559,0.63377
2026-06-18,2026/111,SAR,1,12.3214,12.3436
2026-06-18,2026/111,SEK,1,4.8260,4.8759
2026-06-18,2026/111,USD,1,46.2460,46.3293
2026-06-19,2026/112,AED,1,12.5284,12.6924
2026-06-19,2026/112,AUD,1,32.3772,32.5883
2026-06-19,2026/112,AZN,1,27.0665,27.4207
2026-06-19,2026/112,CAD,1,32.6723,32.8197
2026-06-19,2026/112,CHF,1,57.2440,57.6115
2026-06-19,2026/112,CNY,1,6.7973,6.8863
2026-06-19,2026/112,DKK,1,7.0811,7.1159
2026-06-19,2026/112,EUR,1,53.0096,53.1051
2026-06-19,2026/112,GBP,1,61.0722,61.3906
2026-06-19,2026/112,JPY,100,28.6215,28.8110
2026-06-19,2026/112,KRW,1,0.03009,0.03048
2026-06-19,2026/112,KWD,1,149.7332,151.6925
2026-06-19,2026/112,KZT,1,0.09426,0.09549
2026-06-19,2026/112,NOK,1,4.7527,4.7847
2026-06-19,2026/112,PKR,1,0.16541,0.16757
2026-06-19,2026/112,QAR,1,12.6323,12.7976
2026-06-19,2026/112,RON,1,10.0604,10.1920
2026-06-19,2026/112,RUB,1,0.62453,0.63270
2026-06-19,2026/112,SAR,1,12.3282,12.3504
2026-06-19,2026/112,SEK,1,4.8076,4.8573
2026-06-19,2026/112,USD,1,46.2724,46.3557
2026-06-22,2026/113,AED,1,12.5562,12.7205
2026-06-22,2026/113,AUD,1,32.3863,32.5975
2026-06-22,2026/113,AZN,1,27.1270,27.4819
2026-06-22,2026/113,CAD,1,32.6697,32.8170
2026-06-22,2026/113,CHF,1,57.2542,57.6218
2026-06-22,2026/113,CNY,1,6.8060,6.8950
2026-06-22,2026/113,DKK,1,7.0951,7.1299
2026-06-22,2026/113,EUR,1,53.1153,53.2110
2026-06-22,2026/113,GBP,1,61.1987,61.5177
2026-06-22,2026/113,JPY,100,28.6039,28.7933
2026-06-22,2026/113,KRW,1,0.02997,0.03037
2026-06-22,2026/113,KWD,1,149.8970,151.8585
2026-06-22,2026/113,KZT,1,0.09467,0.09591
2026-06-22,2026/113,NOK,1,4.7739,4.8060
2026-06-22,2026/113,PKR,1,0.16580,0.16797
2026-06-22,2026/113,QAR,1,12.6483,12.8138
2026-06-22,2026/113,RON,1,10.0824,10.2144
2026-06-22,2026/113,RUB,1,0.62324,0.63140
2026-06-22,2026/113,SAR,1,12.3533,12.3755
2026-06-22,2026/113,SEK,1,4.8121,4.8619
2026-06-22,2026/113,USD,1,46.3758,46.4593
2026-06-23,2026/114,AED,1,12.5604,12.7248
2026-06-23,2026/114,AUD,1,32.1534,32.3631
2026-06-23,2026/114,AZN,1,27.1367,27.4918
2026-06-23,2026/114,CAD,1,32.6663,32.8136
2026-06-23,2026/114,CHF,1,57.1658,57.5328
2026-06-23,2026/114,CNY,1,6.7995,6.8885
2026-06-23,2026/114,DKK,1,7.0687,7.1034
2026-06-23,2026/114,EUR,1,52.9191,53.0145
2026-06-23,2026/114,GBP,1,61.2416,61.5609
2026-06-23,2026/114,JPY,100,28.6577,28.8475
2026-06-23,2026/114,KRW,1,0.03000,0.03040
2026-06-23,2026/114,KWD,1,149.9511,151.9132
2026-06-23,2026/114,KZT,1,0.09477,0.09601
2026-06-23,2026/114,NOK,1,4.7441,4.7760
2026-06-23,2026/114,PKR,1,0.16587,0.16804
2026-06-23,2026/114,QAR,1,12.6562,12.8218
2026-06-23,2026/114,RON,1,10.0328,10.1641
2026-06-23,2026/114,RUB,1,0.61611,0.62417
2026-06-23,2026/114,SAR,1,12.3586,12.3809
2026-06-23,2026/114,SEK,1,4.7730,4.8224
2026-06-23,2026/114,USD,1,46.3925,46.4761
2026-06-24,2026/115,AED,1,12.5656,12.7300
2026-06-24,2026/115,AUD,1,31.9317,32.1399
2026-06-24,2026/115,AZN,1,27.1469,27.5022
2026-06-24,2026/115,CAD,1,32.5745,32.7214
2026-06-24,2026/115,CHF,1,57.0217,57.3879
2026-06-24,2026/115,CNY,1,6.7790,6.8677
2026-06-24,2026/115,DKK,1,7.0345,7.0690
2026-06-24,2026/115,EUR,1,52.6683,52.7632
2026-06-24,2026/115,GBP,1,61.0484,61.3666
2026-06-24,2026/115,JPY,100,28.6301,28.8197
2026-06-24,2026/115,KRW,1,0.02985,0.03024
2026-06-24,2026/115,KWD,1,149.8856,151.8469
2026-06-24,2026/115,KZT,1,0.09483,0.09607
2026-06-24,2026/115,NOK,1,4.7073,4.7390
2026-06-24,2026/115,PKR,1,0.16592,0.16809
2026-06-24,2026/115,QAR,1,12.6609,12.8266
2026-06-24,2026/115,RON,1,9.9870,10.1177
2026-06-24,2026/115,RUB,1,0.61580,0.62385
2026-06-24,2026/115,SAR,1,12.3639,12.3862
2026-06-24,2026/115,SEK,1,4.7297,4.7786
2026-06-24,2026/115,USD,1,46.4099,46.4935
2026-06-25,2026/116,AED,1,12.5709,12.7354
2026-06-25,2026/116,AUD,1,31.9418,32.1501
2026-06-25,2026/116,AZN,1,27.1588,27.5142
2026-06-25,2026/116,CAD,1,32.5702,32.7171
2026-06-25,2026/116,CHF,1,57.0555,57.4218
2026-06-25,2026/116,CNY,1,6.7899,6.8787
2026-06-25,2026/116,DKK,1,7.0419,7.0765
2026-06-25,2026/116,EUR,1,52.7177,52.8126
2026-06-25,2026/116,GBP,1,61.0739,61.3923
2026-06-25,2026/116,JPY,100,28.6193,28.8088
2026-06-25,2026/116,KRW,1,0.02995,0.03034
2026-06-25,2026/116,KWD,1,149.9513,151.9134
2026-06-25,2026/116,KZT,1,0.09516,0.09641
2026-06-25,2026/116,NOK,1,4.6911,4.7227
2026-06-25,2026/116,PKR,1,0.16590,0.16807
2026-06-25,2026/116,QAR,1,12.6721,12.8379
2026-06-25,2026/116,RON,1,10.0218,10.1529
2026-06-25,2026/116,RUB,1,0.61327,0.62129
2026-06-25,2026/116,SAR,1,12.3671,12.3893
2026-06-25,2026/116,SEK,1,4.7453,4.7944
2026-06-25,2026/116,USD,1,46.4302,46.5139
2026-06-26,2026/117,AED,1,12.5759,12.7405
2026-06-26,2026/117,AUD,1,31.9650,32.1734
2026-06-26,2026/117,AZN,1,27.1693,27.5248
2026-06-26,2026/117,CAD,1,32.6923,32.8397
2026-06-26,2026/117,CHF,1,57.3117,57.6797
2026-06-26,2026/117,CNY,1,6.7928,6.8817
2026-06-26,2026/117,DKK,1,7.0701,7.1049
2026-06-26,2026/117,EUR,1,52.9289,53.0242
2026-06-26,2026/117,GBP,1,61.2684,61.5878
2026-06-26,2026/117,JPY,100,28.6666,28.8564
2026-06-26,2026/117,KRW,1,0.03003,0.03042
2026-06-26,2026/117,KWD,1,150.0093,151.9722
2026-06-26,2026/117,KZT,1,0.09504,0.09628
2026-06-26,2026/117,NOK,1,4.6817,4.7132
2026-06-26,2026/117,PKR,1,0.16596,0.16814
2026-06-26,2026/117,QAR,1,12.6825,12.8485
2026-06-26,2026/117,RON,1,10.0465,10.1780
2026-06-26,2026/117,RUB,1,0.59795,0.60578
2026-06-26,2026/117,SAR,1,12.3694,12.3917
2026-06-26,2026/117,SEK,1,4.7616,4.8109
2026-06-26,2026/117,USD,1,46.4482,46.5319
2026-06-29,2026/118,AED,1,12.6048,12.7698
2026-06-29,2026/118,AUD,1,32.0390,32.2479
2026-06-29,2026/118,AZN,1,27.2319,27.5882
2026-06-29,2026/118,CAD,1,32.7595,32.9072
2026-06-29,2026/118,CHF,1,57.4407,57.8095
2026-06-29,2026/118,CNY,1,6.8144,6.9036
2026-06-29,2026/118,DKK,1,7.0925,7.1273
2026-06-29,2026/118,EUR,1,53.0950,53.1906
2026-06-29,2026/118,GBP,1,61.4404,61.7607
2026-06-29,2026/118,JPY,100,28.6968,28.8868
2026-06-29,2026/118,KRW,1,0.03000,0.03039
2026-06-29,2026/118,KWD,1,150.3547,152.3220
2026-06-29,2026/118,KZT,1,0.09546,0.09671
2026-06-29,2026/118,NOK,1,4.6790,4.7105
2026-06-29,2026/118,PKR,1,0.16648,0.16866
2026-06-29,2026/118,QAR,1,12.7006,12.8668
2026-06-29,2026/118,RON,1,10.0732,10.2050
2026-06-29,2026/118,RUB,1,0.59300,0.60076
2026-06-29,2026/118,SAR,1,12.3969,12.4192
2026-06-29,2026/118,SEK,1,4.7693,4.8187
2026-06-29,2026/118,USD,1,46.5551,46.6390
2026-06-30,2026/119,AED,1,12.6101,12.7751
2026-06-30,2026/119,AUD,1,31.9835,32.1921
2026-06-30,2026/119,AZN,1,27.2433,27.5998
2026-06-30,2026/119,CAD,1,32.6798,32.8272
2026-06-30,2026/119,CHF,1,57.4216,57.7903
2026-06-30,2026/119,CNY,1,6.8253,6.9146
2026-06-30,2026/119,DKK,1,7.0914,7.1262
2026-06-30,2026/119,EUR,1,53.0866,53.1823
2026-06-30,2026/119,GBP,1,61.5332,61.8541
2026-06-30,2026/119,JPY,100,28.6273,28.8169
2026-06-30,2026/119,KRW,1,0.02986,0.03025
2026-06-30,2026/119,KWD,1,150.4178,152.3860
2026-06-30,2026/119,KZT,1,0.09638,0.09764
2026-06-30,2026/119,NOK,1,4.6793,4.7108
2026-06-30,2026/119,PKR,1,0.16655,0.16873
2026-06-30,2026/119,QAR,1,12.7059,12.8722
2026-06-30,2026/119,RON,1,10.0661,10.1979
2026-06-30,2026/119,RUB,1,0.59280,0.60056
2026-06-30,2026/119,SAR,1,12.3999,12.4222
2026-06-30,2026/119,SEK,1,4.7684,4.8178
2026-06-30,2026/119,USD,1,46.5747,46.6586
