province,year,in_migration,out_migration,net_migration,net_migration_rate
Adana,2021,53649,65628,-11979,-5.3
Adıyaman,2021,17598,24860,-7262,-11.4
Afyonkarahisar,2021,24643,25327,-684,-0.9
Aksaray,2021,14210,15529,-1319,-3.1
Amasya,2021,15244,14540,704,2.1
Ankara,2021,197702,165604,32098,5.6
Antalya,2021,88305,80505,7800,3.0
Ardahan,2021,4750,6445,-1695,-17.7
Artvin,2021,8238,8224,14,0.1
Aydın,2021,46485,37246,9239,8.2
Ağrı,2021,14858,34800,-19942,-37.3
Balıkesir,2021,50218,40287,9931,8.0
Bartın,2021,10907,8794,2113,10.5
Batman,2021,19002,24411,-5409,-8.6
Bayburt,2021,9019,6382,2637,31.5
Bilecik,2021,11974,8855,3119,13.8
Bingöl,2021,12027,13376,-1349,-4.8
Bitlis,2021,14158,18814,-4656,-13.1
Bolu,2021,18470,14162,4308,13.6
Burdur,2021,15859,11489,4370,16.1
Bursa,2021,92019,76678,15341,4.9
Denizli,2021,30589,27480,3109,3.0
Diyarbakır,2021,40414,60761,-20347,-11.3
Düzce,2021,16828,14191,2637,6.6
Edirne,2021,19443,15822,3621,8.8
Elazığ,2021,20800,22429,-1629,-2.8
Erzincan,2021,16049,13564,2485,10.5
Erzurum,2021,28554,36798,-8244,-10.8
Eskişehir,2021,36776,31532,5244,5.9
Gaziantep,2021,50203,57475,-7272,-3.4
Giresun,2021,21392,19575,1817,4.0
Gümüşhane,2021,14114,11611,2503,16.8
Hakkari,2021,7886,13088,-5202,-18.5
Hatay,2021,35929,49001,-13072,-7.8
Isparta,2021,22632,19998,2634,5.9
Iğdır,2021,7563,10173,-2610,-12.8
Kahramanmaraş,2021,27246,35647,-8401,-7.1
Karabük,2021,16168,11598,4570,18.5
Karaman,2021,12420,10885,1535,5.9
Kars,2021,11259,16471,-5212,-18.4
Kastamonu,2021,18463,17241,1222,3.3
Kayseri,2021,40628,39915,713,0.5
Kilis,2021,7474,7262,212,1.5
Kocaeli,2021,83959,66332,17627,8.7
Konya,2021,64254,58865,5389,2.4
Kütahya,2021,21913,21052,861,1.5
Kırklareli,2021,17846,13855,3991,11.0
Kırıkkale,2021,13449,16187,-2738,-9.9
Kırşehir,2021,11676,13193,-1517,-6.2
Malatya,2021,28521,31737,-3216,-4.0
Manisa,2021,43325,40605,2720,1.9
Mardin,2021,28641,35957,-7316,-8.4
Mersin,2021,57213,57930,-717,-0.4
Muğla,2021,49545,35133,14412,14.2
Muş,2021,12190,24243,-12053,-29.3
Nevşehir,2021,13646,12396,1250,4.1
Niğde,2021,16287,16506,-219,-0.6
Ordu,2021,27516,28547,-1031,-1.4
Osmaniye,2021,18648,22445,-3797,-6.8
Rize,2021,15956,15605,351,1.0
Sakarya,2021,40379,31048,9331,8.8
Samsun,2021,47471,45791,1680,1.2
Siirt,2021,12670,16340,-3670,-11.0
Sinop,2021,13211,10548,2663,12.3
Sivas,2021,25720,28285,-2565,-4.0
Tekirdağ,2021,60190,37516,22674,20.6
Tokat,2021,35555,31400,4155,6.9
Trabzon,2021,29914,29442,472,0.6
Tunceli,2021,7054,6517,537,6.4
Uşak,2021,13705,12231,1474,4.0
Van,2021,30318,58185,-27867,-24.1
Yalova,2021,16965,11564,5401,18.7
Yozgat,2021,18320,22928,-4608,-11.0
Zonguldak,2021,20883,21991,-1108,-1.9
Çanakkale,2021,31210,19429,11781,21.4
Çankırı,2021,15288,12457,2831,14.5
Çorum,2021,18029,22011,-3982,-7.5
İstanbul,2021,385328,408165,-22837,-1.4
İzmir,2021,131394,109470,21924,5.0
Şanlıurfa,2021,40371,66987,-26616,-12.3
Şırnak,2021,17072,20431,-3359,-6.1
Adana,2022,55018,62156,-7138,-3.1
Adıyaman,2022,18780,23359,-4579,-7.2
Afyonkarahisar,2022,23667,25425,-1758,-2.3
Aksaray,2022,14264,14147,117,0.3
Amasya,2022,15217,13847,1370,4.1
Ankara,2022,189104,161912,27192,4.7
Antalya,2022,92004,78986,13018,4.9
Ardahan,2022,5391,8157,-2766,-29.5
Artvin,2022,9983,9879,104,0.6
Aydın,2022,45705,36499,9206,8.0
Ağrı,2022,16871,37676,-20805,-39.9
Balıkesir,2022,49652,40975,8677,6.9
Bartın,2022,9990,8634,1356,6.7
Batman,2022,20528,24070,-3542,-5.6
Bayburt,2022,7031,8232,-1201,-14.2
Bilecik,2022,12078,9453,2625,11.5
Bingöl,2022,11900,14926,-3026,-10.7
Bitlis,2022,15111,19885,-4774,-13.4
Bolu,2022,15750,14224,1526,4.8
Burdur,2022,14684,13187,1497,5.5
Bursa,2022,90863,70447,20416,6.4
Denizli,2022,29528,26478,3050,2.9
Diyarbakır,2022,45963,59751,-13788,-7.6
Düzce,2022,17049,15220,1829,4.5
Edirne,2022,19699,16197,3502,8.5
Elazığ,2022,21060,22271,-1211,-2.0
Erzincan,2022,15946,15542,404,1.7
Erzurum,2022,26629,39159,-12530,-16.6
Eskişehir,2022,37278,29766,7512,8.3
Gaziantep,2022,50192,55699,-5507,-2.6
Giresun,2022,20947,20130,817,1.8
Gümüşhane,2022,11496,15580,-4084,-27.9
Hakkari,2022,9783,13928,-4145,-14.9
Hatay,2022,39530,47597,-8067,-4.8
Isparta,2022,20948,20653,295,0.7
Iğdır,2022,9827,11673,-1846,-9.0
Kahramanmaraş,2022,29319,34501,-5182,-4.4
Karabük,2022,13801,12987,814,3.2
Karaman,2022,11387,10969,418,1.6
Kars,2022,11568,18787,-7219,-25.9
Kastamonu,2022,19960,16321,3639,9.7
Kayseri,2022,38374,38902,-528,-0.4
Kilis,2022,8008,7629,379,2.6
Kocaeli,2022,89685,62534,27151,13.1
Konya,2022,57578,57765,-187,-0.1
Kütahya,2022,20014,21209,-1195,-2.1
Kırklareli,2022,18230,13843,4387,11.9
Kırıkkale,2022,14645,14703,-58,-0.2
Kırşehir,2022,13231,11934,1297,5.3
Malatya,2022,28684,30104,-1420,-1.7
Manisa,2022,43466,37527,5939,4.1
Mardin,2022,28747,36382,-7635,-8.7
Mersin,2022,60984,57001,3983,2.1
Muğla,2022,49179,36702,12477,12.0
Muş,2022,13847,24941,-11094,-27.4
Nevşehir,2022,12803,12029,774,2.5
Niğde,2022,15801,15661,140,0.4
Ordu,2022,28878,27184,1694,2.2
Osmaniye,2022,20565,21827,-1262,-2.3
Rize,2022,14716,16938,-2222,-6.4
Sakarya,2022,41396,31141,10255,9.5
Samsun,2022,48681,43757,4924,3.6
Siirt,2022,12356,17607,-5251,-15.7
Sinop,2022,14155,11291,2864,13.1
Sivas,2022,24583,27668,-3085,-4.8
Tekirdağ,2022,63354,37969,25385,22.5
Tokat,2022,28325,35358,-7033,-11.7
Trabzon,2022,28168,30339,-2171,-2.7
Tunceli,2022,8081,7578,503,6.0
Uşak,2022,13255,12313,942,2.5
Van,2022,33903,62422,-28519,-25.0
Yalova,2022,18466,12007,6459,22.0
Yozgat,2022,19580,22042,-2462,-5.9
Zonguldak,2022,20334,21695,-1361,-2.3
Çanakkale,2022,27747,22233,5514,9.9
Çankırı,2022,13649,14061,-412,-2.1
Çorum,2022,18723,20448,-1725,-3.3
İstanbul,2022,385294,418082,-32788,-2.1
İzmir,2022,132426,107312,25114,5.6
Şanlıurfa,2022,45648,68264,-22616,-10.4
Şırnak,2022,20096,23469,-3373,-6.0
Adana,2023,66104,77898,-11794,-5.2
Adıyaman,2023,23294,48372,-25078,-40.6
Afyonkarahisar,2023,30431,26427,4004,5.3
Aksaray,2023,20400,15112,5288,12.1
Amasya,2023,19307,15046,4261,12.6
Ankara,2023,232700,208740,23960,4.1
Antalya,2023,118356,88758,29598,11.0
Ardahan,2023,6856,6811,45,0.5
Artvin,2023,13425,10352,3073,18.0
Aydın,2023,52916,41605,11311,9.8
Ağrı,2023,23324,30696,-7372,-14.3
Balıkesir,2023,60574,43098,17476,13.8
Bartın,2023,13197,8926,4271,20.8
Batman,2023,27888,25138,2750,4.3
Bayburt,2023,10202,8309,1893,22.2
Bilecik,2023,13762,11323,2439,10.8
Bingöl,2023,15784,14325,1459,5.1
Bitlis,2023,19286,19795,-509,-1.4
Bolu,2023,18099,15105,2994,9.3
Burdur,2023,18013,14536,3477,12.6
Bursa,2023,95935,89763,6172,1.9
Denizli,2023,32655,29994,2661,2.5
Diyarbakır,2023,49440,63878,-14438,-7.9
Düzce,2023,19891,16124,3767,9.2
Edirne,2023,22281,17181,5100,12.2
Elazığ,2023,35924,24456,11468,19.2
Erzincan,2023,19786,19054,732,3.0
Erzurum,2023,34129,38115,-3986,-5.3
Eskişehir,2023,45072,34020,11052,12.1
Gaziantep,2023,65524,73835,-8311,-3.8
Giresun,2023,35227,22520,12707,27.9
Gümüşhane,2023,24177,13873,10304,71.9
Hakkari,2023,14956,12732,2224,7.8
Hatay,2023,37068,164247,-127179,-79.1
Isparta,2023,25149,21847,3302,7.4
Iğdır,2023,12781,10830,1951,9.3
Kahramanmaraş,2023,31582,82119,-50537,-44.3
Karabük,2023,17977,14615,3362,13.3
Karaman,2023,15156,11829,3327,12.7
Kars,2023,15376,16382,-1006,-3.6
Kastamonu,2023,30284,17608,12676,33.1
Kayseri,2023,47180,46791,389,0.3
Kilis,2023,12750,7604,5146,33.7
Kocaeli,2023,92564,81219,11345,5.4
Konya,2023,75214,61210,14004,6.1
Kütahya,2023,24281,28405,-4124,-7.1
Kırklareli,2023,22171,14336,7835,21.0
Kırıkkale,2023,23664,13403,10261,36.6
Kırşehir,2023,16475,12735,3740,15.2
Malatya,2023,34414,102621,-68207,-87.8
Manisa,2023,46467,42259,4208,2.9
Mardin,2023,37903,33904,3999,4.5
Mersin,2023,80493,67409,13084,6.8
Muğla,2023,63562,40554,23008,21.8
Muş,2023,18904,22595,-3691,-9.2
Nevşehir,2023,19072,13307,5765,18.4
Niğde,2023,26089,15991,10098,27.1
Ordu,2023,43974,29843,14131,18.4
Osmaniye,2023,27059,30896,-3837,-6.9
Rize,2023,24347,18372,5975,17.2
Sakarya,2023,47730,33515,14215,13.0
Samsun,2023,65364,50570,14794,10.8
Siirt,2023,21120,16468,4652,13.5
Sinop,2023,20887,11499,9388,41.7
Sivas,2023,48214,31783,16431,25.6
Tekirdağ,2023,63230,45182,18048,15.6
Tokat,2023,45011,34546,10465,17.4
Trabzon,2023,41272,35644,5628,6.9
Tunceli,2023,11806,7234,4572,52.5
Uşak,2023,14575,13122,1453,3.9
Van,2023,39585,56547,-16962,-14.9
Yalova,2023,22979,12563,10416,34.8
Yozgat,2023,29124,22387,6737,16.1
Zonguldak,2023,26828,22615,4213,7.1
Çanakkale,2023,32719,22615,10104,17.9
Çankırı,2023,25333,13438,11895,59.6
Çorum,2023,27902,20273,7629,14.5
İstanbul,2023,412707,581330,-168623,-10.7
İzmir,2023,147765,125643,22122,5.0
Şanlıurfa,2023,63205,63559,-354,-0.2
Şırnak,2023,22726,21572,1154,2.0
Adana,2024,55342,56108,-766,-0.3
Adıyaman,2024,22295,21158,1137,1.9
Afyonkarahisar,2024,20801,25035,-4234,-5.6
Aksaray,2024,13969,14893,-924,-2.1
Amasya,2024,13879,14446,-567,-1.7
Ankara,2024,202402,150373,52029,8.9
Antalya,2024,96618,71999,24619,9.1
Ardahan,2024,4570,6441,-1871,-20.3
Artvin,2024,7670,10400,-2730,-16.0
Aydın,2024,40849,35832,5017,4.3
Ağrı,2024,14411,30970,-16559,-32.6
Balıkesir,2024,44834,40371,4463,3.5
Bartın,2024,9439,9569,-130,-0.6
Batman,2024,20987,22923,-1936,-3.0
Bayburt,2024,5644,8639,-2995,-35.2
Bilecik,2024,10023,10038,-15,-0.1
Bingöl,2024,10029,13794,-3765,-13.2
Bitlis,2024,13700,18195,-4495,-12.4
Bolu,2024,13869,13362,507,1.6
Burdur,2024,11746,13550,-1804,-6.5
Bursa,2024,81656,66440,15216,4.7
Denizli,2024,25866,24816,1050,1.0
Diyarbakır,2024,43561,50981,-7420,-4.0
Düzce,2024,15051,13450,1601,3.9
Edirne,2024,17332,16323,1009,2.4
Elazığ,2024,20035,23315,-3280,-5.4
Erzincan,2024,12737,15638,-2901,-12.0
Erzurum,2024,22614,34522,-11908,-15.9
Eskişehir,2024,35984,29165,6819,7.4
Gaziantep,2024,56097,49330,6767,3.1
Giresun,2024,17348,22932,-5584,-12.2
Gümüşhane,2024,12288,18526,-6238,-42.8
Hakkari,2024,8478,14112,-5634,-19.8
Hatay,2024,52193,49835,2358,1.5
Isparta,2024,18046,19526,-1480,-3.3
Iğdır,2024,8000,11778,-3778,-18.1
Kahramanmaraş,2024,37523,30393,7130,6.3
Karabük,2024,10481,14090,-3609,-14.3
Karaman,2024,10319,11846,-1527,-5.8
Kars,2024,9588,16560,-6972,-25.3
Kastamonu,2024,15894,20854,-4960,-12.9
Kayseri,2024,37960,36622,1338,0.9
Kilis,2024,7503,8041,-538,-3.4
Kocaeli,2024,80804,63593,17211,8.1
Konya,2024,53971,56234,-2263,-1.0
Kütahya,2024,18364,20502,-2138,-3.7
Kırklareli,2024,15265,14128,1137,3.0
Kırıkkale,2024,13584,16881,-3297,-11.6
Kırşehir,2024,11390,12511,-1121,-4.6
Malatya,2024,36932,31790,5142,6.9
Manisa,2024,37649,37328,321,0.2
Mardin,2024,26712,31788,-5076,-5.6
Mersin,2024,60574,54703,5871,3.0
Muğla,2024,48895,36378,12517,11.6
Muş,2024,12009,22879,-10870,-27.3
Nevşehir,2024,14417,13133,1284,4.0
Niğde,2024,13271,18496,-5225,-13.9
Ordu,2024,24324,29933,-5609,-7.3
Osmaniye,2024,19752,20460,-708,-1.3
Rize,2024,13448,17592,-4144,-11.9
Sakarya,2024,37116,30501,6615,6.0
Samsun,2024,46841,43246,3595,2.6
Siirt,2024,10193,21815,-11622,-34.0
Sinop,2024,10903,13075,-2172,-9.5
Sivas,2024,21808,35421,-13613,-21.1
Tekirdağ,2024,53439,37996,15443,13.1
Tokat,2024,38697,32350,6347,10.4
Trabzon,2024,26772,29887,-3115,-3.8
Tunceli,2024,6739,8868,-2129,-24.3
Uşak,2024,11053,11886,-833,-2.2
Van,2024,31418,54023,-22605,-20.0
Yalova,2024,17812,13049,4763,15.6
Yozgat,2024,16151,24594,-8443,-20.2
Zonguldak,2024,18070,21563,-3493,-5.9
Çanakkale,2024,24714,21211,3503,6.2
Çankırı,2024,13129,18744,-5615,-27.7
Çorum,2024,16415,23143,-6728,-12.8
İstanbul,2024,395485,369453,26032,1.7
İzmir,2024,117889,102040,15849,3.5
Şanlıurfa,2024,41771,60925,-19154,-8.5
Şırnak,2024,15266,23363,-8097,-14.1
Adana,2025,49680,55959,-6279,-2.7
Adıyaman,2025,19965,19344,621,1.0
Afyonkarahisar,2025,19864,21498,-1634,-2.2
Aksaray,2025,12270,12941,-671,-1.5
Amasya,2025,12458,13119,-661,-1.9
Ankara,2025,176833,145661,31172,5.3
Antalya,2025,96027,67649,28378,10.3
Ardahan,2025,4914,5916,-1002,-11.0
Artvin,2025,7329,8928,-1599,-9.5
Aydın,2025,37711,32935,4776,4.1
Ağrı,2025,14899,28346,-13447,-27.0
Balıkesir,2025,44397,35209,9188,7.2
Bartın,2025,8227,8114,113,0.5
Batman,2025,21076,21176,-100,-0.2
Bayburt,2025,5064,6388,-1324,-15.9
Bilecik,2025,9632,9514,118,0.5
Bingöl,2025,9123,11683,-2560,-9.0
Bitlis,2025,13861,17844,-3983,-11.0
Bolu,2025,13136,11695,1441,4.4
Burdur,2025,11184,12106,-922,-3.3
Bursa,2025,75595,64880,10715,3.3
Denizli,2025,23327,23946,-619,-0.6
Diyarbakır,2025,43666,50322,-6656,-3.6
Düzce,2025,14112,12156,1956,4.7
Edirne,2025,16145,15261,884,2.1
Elazığ,2025,18481,19491,-1010,-1.7
Erzincan,2025,11798,13352,-1554,-6.5
Erzurum,2025,20793,30906,-10113,-13.6
Eskişehir,2025,34386,28330,6056,6.5
Gaziantep,2025,54507,47385,7122,3.2
Giresun,2025,16717,17047,-330,-0.7
Gümüşhane,2025,9919,13163,-3244,-23.1
Hakkari,2025,8952,12305,-3353,-11.9
Hatay,2025,51440,45076,6364,4.0
Isparta,2025,16315,17554,-1239,-2.8
Iğdır,2025,7876,10257,-2381,-11.5
Kahramanmaraş,2025,32151,28689,3462,3.0
Karabük,2025,10263,11251,-988,-4.0
Karaman,2025,9440,10933,-1493,-5.7
Kars,2025,9727,14201,-4474,-16.5
Kastamonu,2025,14997,15731,-734,-1.9
Kayseri,2025,34606,33645,961,0.7
Kilis,2025,7501,8859,-1358,-8.6
Kocaeli,2025,76323,61245,15078,7.0
Konya,2025,50469,51507,-1038,-0.4
Kütahya,2025,16701,17157,-456,-0.8
Kırklareli,2025,14516,13501,1015,2.7
Kırıkkale,2025,12287,12845,-558,-2.0
Kırşehir,2025,9729,10902,-1173,-4.8
Malatya,2025,31495,28410,3085,4.1
Manisa,2025,33408,35673,-2265,-1.5
Mardin,2025,28043,31842,-3799,-4.2
Mersin,2025,57089,52054,5035,2.6
Muğla,2025,47400,35426,11974,10.9
Muş,2025,12061,18995,-6934,-17.7
Nevşehir,2025,13090,12037,1053,3.3
Niğde,2025,13405,13748,-343,-0.9
Ordu,2025,22394,24529,-2135,-2.8
Osmaniye,2025,19293,19532,-239,-0.4
Rize,2025,12436,13362,-926,-2.7
Sakarya,2025,35743,27837,7906,7.1
Samsun,2025,43566,37793,5773,4.2
Siirt,2025,10203,16704,-6501,-19.4
Sinop,2025,10719,11050,-331,-1.5
Sivas,2025,19978,26832,-6854,-10.8
Tekirdağ,2025,51534,38294,13240,11.0
Tokat,2025,32800,32220,580,0.9
Trabzon,2025,23846,24253,-407,-0.5
Tunceli,2025,6078,7558,-1480,-17.2
Uşak,2025,9557,10465,-908,-2.4
Van,2025,31580,51818,-20238,-18.0
Yalova,2025,18052,11733,6319,20.5
Yozgat,2025,17181,18550,-1369,-3.3
Zonguldak,2025,17143,18135,-992,-1.7
Çanakkale,2025,23546,19075,4471,7.8
Çankırı,2025,13516,12774,742,3.7
Çorum,2025,15597,17208,-1611,-3.1
İstanbul,2025,329912,371258,-41346,-2.6
İzmir,2025,106083,98728,7355,1.6
Şanlıurfa,2025,43655,59280,-15625,-6.9
Şırnak,2025,14227,19924,-5697,-9.9
